PC1,PC2,PC3,PC4,PC5,PC6,PC7,PC8,PC9,PC10
-0.47927165,0.03555366,0.01787866,-0.16917542,0.04776848,0.09105947,0.04763485,-0.0997429,-0.00687656,0.13111387
-0.44564149,0.03663458,-0.01087764,-0.20227806,0.00827996,0.04828564,0.04056662,-0.07751202,-0.0286335,0.14519772
-0.42617324,0.06146664,-0.02379981,-0.19096836,-0.04246565,0.00510428,0.0430572,-0.06491811,-0.03887841,0.15047857
-0.39924014,0.04325212,-0.00574773,-0.17407535,-0.07738463,-0.02942253,0.03248645,-0.05482843,-0.03365678,0.13103552
-0.38683262,0.04792355,0.02653108,-0.16905467,-0.10758714,-0.03922765,0.01706423,-0.05820275,-0.03405993,0.11959724
-0.34454462,0.01705951,0.06143773,-0.16706249,-0.13991861,-0.06565985,0.01876097,-0.04580086,-0.01515139,0.09918246
-0.28908071,0.02502667,0.05738398,-0.16542147,-0.17261912,-0.08587177,0.01125506,-0.04212597,-0.0132801,0.07426068
-0.21976569,0.05212719,0.04487466,-0.17216355,-0.18943396,-0.1350982,0.00304018,-0.07420799,-0.00999342,0.04636654
-0.17196383,0.05598797,0.05686931,-0.16940559,-0.21765195,-0.16938007,-0.00836711,-0.09543914,0.00722683,0.01537957
-0.09769852,0.05577134,0.07004516,-0.15567689,-0.23958886,-0.20109637,-0.00339902,-0.10669208,0.008408,-0.00882295
-0.04041856,0.06603055,0.06321678,-0.15010986,-0.25112554,-0.22528127,-0.00625467,-0.12803742,0.01561957,-0.02292068
0.05254938,0.09611877,0.05892882,-0.13016388,-0.25559098,-0.25453606,-0.0012844,-0.13230957,0.03157828,-0.03647604
0.14511187,0.13922572,0.06526044,-0.08913546,-0.25110832,-0.27538794,-0.0012237,-0.10617325,0.03015307,-0.03538236
0.19386327,0.15295812,0.07636797,-0.04100091,-0.23875864,-0.25611585,0.00189926,-0.09166183,0.03466182,-0.02579215
0.23593211,0.15297584,0.07662546,-0.02414108,-0.2155084,-0.23230578,-0.0061452,-0.10741707,0.03707108,-0.03796529
0.25785807,0.18099593,0.05665597,0.00772896,-0.19163202,-0.21393552,0.00240128,-0.11612703,0.02730864,-0.03485117
0.29603437,0.17943093,0.04460173,0.04332075,-0.16746913,-0.21747774,0.0196009,-0.10469127,0.01293079,-0.03437463
0.31028226,0.1929765,0.02518783,0.07272124,-0.12718612,-0.20807116,0.00230579,-0.10676797,-0.00301691,-0.01703086
0.27805978,0.19431652,0.02746211,0.10732674,-0.0921152,-0.21656351,-7.909e-05,-0.10721543,-0.00664708,0.00105208
0.24688481,0.1675145,0.01562343,0.15442562,-0.06479816,-0.1781278,0.00418696,-0.08470383,-0.00824306,0.03531507
0.20805438,0.14626852,0.00237714,0.17893839,-0.02832202,-0.17085437,0.01193737,-0.08514529,-0.00382064,0.038572
0.15642892,0.14592388,-0.02153164,0.22017366,-0.00748233,-0.1511555,0.00030534,-0.05638588,-0.00039071,0.07148037
0.10480399,0.14091137,-0.05969464,0.25300589,-0.00851995,-0.11236652,-0.0120714,-0.03505211,0.00283454,0.07383437
0.03190678,0.11786214,-0.08474237,0.29204172,-0.00983234,-0.07363066,-0.0373935,-0.01969347,-0.00745618,0.09739435
0.00644792,0.10162048,-0.10641818,0.34149596,-0.00229785,-0.06787284,-0.04751534,-0.01838707,0.01458121,0.09544883
0.01314864,0.08560444,-0.10647073,0.35855544,-0.00312917,-0.07346303,-0.04307574,-0.0505241,0.01639921,0.07801314
0.00189174,0.08274445,-0.10062111,0.38058299,-0.01542444,-0.07591385,-0.03215402,-0.0484193,0.01837419,0.09300061
0.00504087,0.08629049,-0.08271996,0.39457351,-0.01048969,-0.08460161,-0.03497287,-0.04907604,0.00255547,0.1198349
0.00302315,0.09776802,-0.07353687,0.38346639,-0.02785835,-0.0807083,-0.04683131,-0.06192913,0.0058506,0.12905832
-0.00733632,0.12250356,-0.068979,0.37802431,-0.06056425,-0.08211305,-0.0351602,-0.07149675,-0.00671697,0.12512389
0.03254565,0.13476732,-0.05122086,0.366265,-0.08937739,-0.082058,-0.03130044,-0.07299995,-0.02405393,0.10140301
0.05371,0.14900574,-0.0216436,0.36237428,-0.10359838,-0.09484554,-0.02979955,-0.08506805,-0.03478362,0.08694723
0.07402305,0.15286186,-0.00399572,0.3531861,-0.11402423,-0.09600976,-0.02236339,-0.07777093,-0.0488276,0.08710492
0.1091313,0.17659082,0.0206542,0.33244514,-0.13702613,-0.10432629,-0.01068419,-0.08934824,-0.04128762,0.07501397
0.12068132,0.18726197,0.06144343,0.32566816,-0.13299023,-0.11860985,0.00349884,-0.09565032,-0.03602905,0.07528062
0.14239728,0.20367484,0.11453687,0.28316662,-0.12504052,-0.12985876,0.00865571,-0.10336252,-0.03445595,0.06684695
0.18188742,0.20997657,0.14616126,0.25561365,-0.10444233,-0.12833992,0.00981259,-0.09902049,-0.05161303,0.05244753
0.18286724,0.20788608,0.16916756,0.24013829,-0.06601024,-0.1233572,0.00978068,-0.07976862,-0.05265117,0.05432652
0.161713,0.19287923,0.20363922,0.1982642,-0.02579277,-0.13230054,-0.00651686,-0.06400717,-0.04549763,0.04154354
0.13289219,0.17343685,0.21499091,0.16163482,0.00753808,-0.11568226,-0.00858709,-0.06159178,-0.03069002,0.02696812
0.07977895,0.1080666,0.21546315,0.14648582,0.04328973,-0.10120367,-0.01986887,-0.0629971,-0.00850905,0.00539686
0.04234914,0.05161533,0.22248219,0.141872,0.08719503,-0.09237724,-0.05532433,-0.05324867,0.02438805,-0.00977357
-0.02071089,0.0025189,0.22160715,0.13837861,0.13910232,-0.07483505,-0.07398135,-0.0609237,0.03510014,0.01238456
-0.07187936,-0.03869648,0.20294216,0.11546889,0.17045589,-0.07259865,-0.09223932,-0.05427899,0.03815186,0.01599229
-0.12933226,-0.061774,0.18864742,0.11150518,0.19605719,-0.07023769,-0.10312904,-0.05201194,0.0245241,0.02528882
-0.20516288,-0.11046069,0.18047142,0.10112706,0.22480465,-0.05152678,-0.10566643,-0.03526833,0.01486044,0.04191089
-0.2649855,-0.15357189,0.17971671,0.09291504,0.2250247,-0.04832369,-0.10914621,-0.0358838,0.01257729,0.03595143
-0.34370297,-0.18393309,0.16282955,0.08951277,0.21428956,-0.04693895,-0.10272329,-0.04777498,0.02527248,0.01537253
-0.39213002,-0.22629037,0.14691825,0.06596875,0.18227172,-0.03679221,-0.11712503,-0.06228067,0.0401999,0.00490428
-0.4256936,-0.22498129,0.13707371,0.03156248,0.16298893,0.00945665,-0.11709416,-0.08188438,0.01874167,-0.00792399
-0.46691853,-0.20471711,0.1263666,0.03913316,0.14911568,0.03330392,-0.11591588,-0.10628428,0.01178657,-0.0089246
-0.51035661,-0.19300896,0.11780336,0.03257918,0.12019064,0.03529722,-0.12148856,-0.11983461,0.01130097,-0.00666838
-0.53949523,-0.1302304,0.13216072,0.01940087,0.10366046,0.04493507,-0.12687491,-0.12391527,0.02036042,0.00804585
-0.58575344,-0.08649586,0.14911106,0.01156449,0.10674594,0.05236714,-0.11401722,-0.12928508,0.03168021,0.03118802
-0.61363387,-0.06099353,0.16611451,0.0153078,0.07961519,0.05625483,-0.11106908,-0.12162921,0.06176988,0.03174495
-0.63576239,-0.03106276,0.18762223,0.02499487,0.05142105,0.06571516,-0.11038272,-0.10886249,0.08667769,0.02385463
-0.65400684,0.01450897,0.20927225,0.02596135,0.034886,0.08495086,-0.12637492,-0.09894592,0.10379108,0.01927667
-0.68349236,0.03972326,0.22640483,0.01392108,0.03721535,0.09188195,-0.15611169,-0.11187908,0.10653224,0.01268477
-0.72672039,0.09112612,0.22606651,0.00397344,0.04845897,0.10631669,-0.17379089,-0.08755759,0.11370443,0.01917723
-0.76729339,0.11453741,0.22755422,0.00734581,0.06314878,0.13365959,-0.18104544,-0.07678695,0.09156835,0.03349606
-0.75744504,0.13098541,0.22990119,0.02878492,0.065221,0.13038604,-0.17358355,-0.03212148,0.09540183,0.02803606
-0.7684477,0.11318172,0.20912181,0.02353758,0.05375532,0.13080595,-0.16735901,-0.02081626,0.13699761,0.02281866
-0.77350605,0.09533158,0.18981817,-0.00484689,0.02977565,0.1366363,-0.16242769,7.332e-05,0.15787256,0.01101478
-0.77853644,0.10713947,0.1951146,-0.02157571,0.01381661,0.13446571,-0.15854065,0.02348629,0.16476306,0.00403313
-0.77883053,0.10391685,0.17976302,-0.0334151,0.00442671,0.12739497,-0.1530443,0.04270914,0.16083488,-0.00258634
-0.77055997,0.0985198,0.16936864,-0.05557841,-0.03993721,0.11695125,-0.16060328,0.05769723,0.15312389,-0.0019689
-0.77446449,0.12423296,0.15983392,-0.07663634,-0.06398711,0.11400317,-0.17112435,0.0686021,0.15139571,0.0029123
-0.78657258,0.14133295,0.14631598,-0.09728401,-0.07909705,0.11240882,-0.17010428,0.07031294,0.14774586,0.01323071
-0.76699728,0.12846786,0.13396285,-0.12108906,-0.09540279,0.10765354,-0.16672412,0.06669813,0.14021339,0.02854028
-0.73948866,0.1335628,0.12135689,-0.13142511,-0.12188717,0.09717289,-0.1427044,0.07566739,0.13990565,0.03033245
-0.69185257,0.12425163,0.11281455,-0.13623255,-0.14935295,0.07422299,-0.13419293,0.07443226,0.12458669,0.04533373
-0.63522279,0.11663269,0.08970559,-0.12602563,-0.18152611,0.07619376,-0.12664357,0.08909724,0.11796293,0.05273668
-0.56986666,0.09919301,0.06967384,-0.1052057,-0.19605292,0.08969377,-0.12756428,0.08437482,0.10143606,0.0524724
-0.52203596,0.10365702,0.04326791,-0.0708375,-0.18293099,0.10148928,-0.10838266,0.08119678,0.05807598,0.0834362
-0.47121316,0.10043643,0.00674451,-0.04701065,-0.17413478,0.11378837,-0.09893032,0.07433417,0.06119167,0.11122951
-0.39688504,0.08527983,-0.02550569,-0.03197193,-0.16722213,0.12962066,-0.09207238,0.06509073,0.0670168,0.11772018
-0.31169024,0.08011228,-0.0648078,-0.01688764,-0.17119539,0.13071711,-0.06467666,0.06902786,0.06969587,0.12481105
-0.2196483,0.09486261,-0.08377597,-0.01298067,-0.15444443,0.13350274,-0.02601929,0.07362797,0.0665085,0.10999487
-0.13866851,0.09868129,-0.10037941,-0.03456024,-0.13591331,0.11853773,0.01168193,0.05904083,0.05353862,0.09713955
-0.03015822,0.10556723,-0.1060257,-0.04231318,-0.11511345,0.08699648,0.03410546,0.0341839,0.02907944,0.10117444
0.06079255,0.1220631,-0.11267728,-0.03436463,-0.10886586,0.06428852,0.05510741,0.02942271,0.03238657,0.09961619
0.1359694,0.12242727,-0.13017093,-0.04375967,-0.11104579,0.05578787,0.05734709,0.00273923,0.03225023,0.09137944
0.22183017,0.11664756,-0.13345137,-0.0535742,-0.10910126,0.05903405,0.07435451,-0.0237142,0.03645768,0.06322588
0.32328513,0.13250084,-0.1203184,-0.09148084,-0.08300926,0.0315611,0.07268594,-0.02771005,0.04692072,0.05170469
0.46157378,0.15700114,-0.09796518,-0.12029939,-0.05551843,-0.00716273,0.06661365,-0.03304787,0.04381523,0.03783246
0.56698191,0.17743874,-0.05293943,-0.15189786,-0.02969297,-0.02698592,0.05026956,-0.04100564,0.06651844,0.01682866
0.63214016,0.16886297,0.0037913,-0.17175502,0.01343179,-0.03168083,0.05328896,-0.04035141,0.04289878,0.01546922
0.6495986,0.15496518,0.03062169,-0.18637022,0.04184997,-0.04145315,0.05008867,-0.03015302,0.0371763,0.02588416
0.65542805,0.15807703,0.07180224,-0.21051784,0.08572891,-0.05741914,0.03666579,-0.05005967,0.00422313,0.0359046
0.65858322,0.15015616,0.07141869,-0.20393541,0.11614253,-0.05286438,0.02556045,-0.05956547,-0.01019933,0.07218146
0.66872251,0.11416676,0.06454361,-0.19962712,0.15389083,-0.03481187,0.01749722,-0.04239619,-0.01358115,0.10041003
0.65237302,0.08217243,0.0439629,-0.1958712,0.17672394,0.00118865,0.00820533,0.00146751,-0.00732757,0.10673353
0.63306922,0.04303119,0.02289557,-0.19743893,0.20524164,0.01478757,-0.00775751,0.02791201,-0.02334169,0.10021701
0.61708438,0.01619605,0.0163926,-0.18337086,0.23712867,0.02308834,-0.01234517,0.05644786,-0.04038442,0.10758995
0.59195071,-0.00909596,0.01401609,-0.17815499,0.26341063,0.0239946,-0.02938337,0.06394785,-0.03650109,0.11829043
0.56620437,-0.04920794,0.00099207,-0.15750453,0.26263744,0.03860242,-0.03146534,0.05317811,-0.0301474,0.11899259
0.5323025,-0.08086047,-0.02880696,-0.12525401,0.26582646,0.06269526,-0.03964053,0.04265634,-0.02190568,0.10453553
0.51016665,-0.12189957,-0.05379589,-0.11548314,0.26105905,0.07176628,-0.03896662,0.04133106,-0.03569884,0.09734705
0.46485683,-0.13139357,-0.06730076,-0.11617167,0.27651122,0.06524888,-0.05787412,0.02880796,-0.02183674,0.09443106
0.44038716,-0.13240185,-0.07709037,-0.1158769,0.29598013,0.06474558,-0.04590149,0.00840788,-0.01251692,0.10826258
0.4168292,-0.16253996,-0.0883234,-0.10839081,0.27622169,0.0655309,-0.04152387,0.01965829,0.02643045,0.11635755
0.38716581,-0.17661346,-0.09611923,-0.10923697,0.26580378,0.06870763,-0.03277056,0.02565874,0.03625455,0.1190504
0.34961718,-0.1708328,-0.10633885,-0.09512452,0.24586411,0.07322506,-0.02218161,-0.00301727,0.03454297,0.1016828
0.30468839,-0.19092312,-0.10108148,-0.09767655,0.24196535,0.0622397,0.00378011,-0.03455392,0.04592893,0.10453004
0.26789996,-0.19511478,-0.10396113,-0.09898265,0.2401983,0.06871293,0.03421541,-0.06054785,0.0566682,0.11970261
0.24308917,-0.19186607,-0.09487806,-0.12011072,0.24399959,0.05532131,0.04915121,-0.0946308,0.06809839,0.12897287
0.22482084,-0.18447623,-0.09648634,-0.1279797,0.23026538,0.05395961,0.06746981,-0.10449812,0.05837421,0.13838489
0.18378706,-0.17402391,-0.08127934,-0.14807938,0.24131507,0.03677357,0.06625867,-0.10667221,0.05208367,0.15028775
0.17026727,-0.1561037,-0.06629742,-0.15588564,0.23202193,0.00387014,0.06038663,-0.09076811,0.04586034,0.16054656
0.12785186,-0.11600294,-0.10143492,-0.13234316,0.22228573,-0.01778163,0.05169688,-0.08312068,0.0536318,0.17110489
0.07680914,-0.09313548,-0.14441006,-0.11298732,0.19051808,-0.03931203,0.05751922,-0.08156115,0.03551787,0.159082
0.05053043,-0.08378497,-0.17521766,-0.09605188,0.16750833,-0.06440376,0.04622654,-0.07518133,0.02255058,0.12070744
0.03719732,-0.07787977,-0.20594878,-0.06998589,0.17148019,-0.07029969,0.04302564,-0.07420835,0.00173046,0.10366503
0.0126514,-0.0761519,-0.22049622,-0.05298556,0.16822119,-0.07713244,0.03316186,-0.08684999,-0.01834239,0.06218778
0.00287229,-0.08017283,-0.21834645,-0.03991178,0.15655005,-0.08818895,0.02826522,-0.07013693,-0.02852794,0.05044208
-0.00252927,-0.06500404,-0.21807839,-0.0179478,0.14520822,-0.09367751,0.00706112,-0.06502479,-0.04399841,0.02588596
-0.00409841,-0.04690713,-0.21369417,0.00036716,0.1151215,-0.08700079,-0.01152092,-0.05655739,-0.03802986,0.00517256
-0.01138668,-0.02535139,-0.21274075,0.03449989,0.08520006,-0.08294973,-0.02177966,-0.02586974,-0.0265874,-0.00795868
-0.03427975,-0.02284052,-0.21325737,0.04659815,0.09062871,-0.06492198,-0.0288165,-0.00875188,-0.0083539,-0.02368765
-0.06004215,-0.01875202,-0.21507274,0.07971004,0.08686073,-0.06581317,-0.00364706,0.01451528,0.01047717,-0.02928421
-0.0492667,-0.04070966,-0.22195999,0.11480319,0.07144821,-0.06251027,0.02078214,0.02838699,0.02914533,-0.05568927
-0.04113477,-0.06915779,-0.18901956,0.1113231,0.06711257,-0.0541788,0.04744635,0.02380159,0.02967872,-0.06704749
-0.04128858,-0.06999576,-0.15397689,0.10956688,0.04979339,-0.0506708,0.06663483,0.02214228,0.02212394,-0.06116511
-0.05782298,-0.06525001,-0.12875552,0.10007016,0.02874089,-0.03729765,0.07826772,0.00875491,-0.00523202,-0.06284475
-0.08396986,-0.04078218,-0.1051014,0.09582759,-0.00748487,-0.02828132,0.06384426,-0.00065724,-0.02499554,-0.08243592
-0.10646228,-0.02531058,-0.06633836,0.09501005,-0.03857811,-0.02662748,0.05233352,-0.00978595,-0.02100149,-0.08296797
-0.10635863,-0.00504112,-0.0467791,0.10364188,-0.04999674,-0.00746784,0.03704548,-0.01958865,-0.02701005,-0.0807711
-0.12539583,-0.01389468,-0.01452174,0.10061206,-0.06216945,0.01097611,0.03312143,-0.02482688,-0.02512401,-0.07727519
-0.1488819,-0.01985613,0.00925072,0.09591221,-0.04796653,0.01319542,0.0408194,-0.04864562,-0.04185786,-0.07028607
-0.18674895,-0.03812447,0.02328895,0.09813306,-0.03680436,0.0291849,0.05016069,-0.0659182,-0.04391088,-0.07992224
-0.20247437,-0.04772753,0.04945485,0.08777189,-0.0427134,0.03237008,0.0493694,-0.08992953,-0.04547785,-0.08028055
-0.20925257,-0.04077231,0.07742548,0.06103912,-0.05486118,0.06399494,0.01821282,-0.12582691,-0.05867759,-0.10259849
-0.20140338,-0.01917273,0.10407526,0.04389249,-0.06116231,0.07728853,-0.00127063,-0.13585615,-0.07467379,-0.11285143
-0.21982002,-0.00500619,0.11933241,0.02428665,-0.07429588,0.08810668,-0.00454229,-0.13040167,-0.06651209,-0.11871155
-0.23219296,-0.01096795,0.12948459,0.00602559,-0.08254686,0.10785253,-0.00738383,-0.13376755,-0.0512513,-0.12922496
-0.25650451,-0.02406554,0.15097758,0.00546176,-0.07834507,0.13321051,-0.01460751,-0.12618597,-0.02862286,-0.12858146
-0.28133205,-0.05718653,0.17764872,-0.00521727,-0.05677387,0.14866588,0.02737588,-0.12440053,-0.01330281,-0.11875024
-0.29711989,-0.05953814,0.16873407,-0.02457347,-0.02394992,0.16384377,0.0585144,-0.12937309,-0.00393437,-0.11807856
-0.33630151,-0.06950261,0.18151264,-0.04253579,-0.00922328,0.16849956,0.08257477,-0.11434413,0.02443934,-0.12686543
-0.33780056,-0.05004581,0.18409885,-0.05132699,0.00978129,0.1694389,0.10485973,-0.10384163,0.02078055,-0.12644947
-0.32742172,-0.03555196,0.18392731,-0.06637343,0.02141359,0.16442905,0.11985338,-0.0775005,0.03577421,-0.12343951
-0.31951052,-0.01667662,0.18470639,-0.08261542,0.03109055,0.15138122,0.12178774,-0.06522019,0.03494073,-0.11395332
-0.32004964,0.01105832,0.17583737,-0.0735056,0.03574487,0.14951961,0.12120297,-0.0302289,0.0227572,-0.09845817
-0.32566535,0.00446405,0.15797463,-0.0647917,0.03937671,0.13568795,0.1356715,-0.01343696,0.02057069,-0.07455764
-0.31174722,-0.01371709,0.14456594,-0.05658821,0.04780875,0.13728352,0.14898728,-0.01585426,0.02421962,-0.06787343
-0.29366949,-0.01207205,0.11134782,-0.04680085,0.06099791,0.14128791,0.16104567,-0.02103267,0.01517412,-0.06029225
-0.28210515,-0.03819789,0.09681098,-0.05264434,0.06649255,0.13302346,0.16579631,-0.0008972,0.00602202,-0.05667213
-0.25795218,-0.04205849,0.07817395,-0.06645293,0.06943959,0.10989458,0.1955259,0.02004057,0.00584371,-0.04680754
-0.22315814,-0.04480104,0.04726271,-0.07925721,0.05150473,0.10439561,0.19025561,0.0381191,0.00205699,-0.04016355
-0.18805189,-0.04663465,0.02789639,-0.07911511,0.03787356,0.09625964,0.18758877,0.06498266,0.00125535,-0.0262084
-0.14853598,-0.04642525,0.01351674,-0.08594009,0.01945275,0.08148333,0.17750165,0.06772606,-0.00377167,-0.0138381
-0.0957349,-0.04566831,0.00700031,-0.08536747,-0.01760889,0.06566479,0.16968025,0.08618729,0.00626032,-0.0115728
-0.0585758,-0.04653727,0.01415566,-0.0791652,-0.04848559,0.05334549,0.16722851,0.09263483,0.01632257,-0.01630666
0.01272768,-0.05892267,0.01225424,-0.08488181,-0.06366643,0.04391478,0.18264553,0.08698513,0.01588821,-0.01716164
0.09641928,-0.08574925,0.02150664,-0.09310459,-0.0647489,0.00871074,0.20533414,0.06536584,0.02280736,-0.01377201
0.17027834,-0.08725446,0.02891195,-0.10884997,-0.05085832,-0.02903728,0.23047037,0.04828059,0.01852126,-0.01979894
0.25992888,-0.09156566,0.03432634,-0.11195708,-0.04734239,-0.07988,0.24253559,0.06075856,0.02030184,-0.02365116
0.31687853,-0.11347582,0.06181032,-0.10419012,-0.01646511,-0.12205778,0.25521094,0.08957905,0.01199025,-0.01190605
0.33213314,-0.1061754,0.10980476,-0.09028002,0.02842435,-0.14783567,0.26200441,0.08964327,0.0155276,0.00961724
0.32528102,-0.09927548,0.13880545,-0.07172187,0.05132628,-0.15016174,0.24443439,0.07709159,-0.00279254,0.02801691
0.30783787,-0.09452116,0.16886982,-0.04719244,0.09786902,-0.17652331,0.2308166,0.06548409,-0.01531586,0.04289864
0.2687504,-0.12862737,0.18563175,-0.03145351,0.12707372,-0.18081479,0.22147161,0.06059235,-0.01589372,0.0483514
0.21448393,-0.15598823,0.18608652,-0.02577304,0.15735449,-0.18101022,0.22404712,0.06199497,-0.01579119,0.0453508
0.14002171,-0.16981952,0.18242821,-0.04527337,0.19346488,-0.18571402,0.21605569,0.0611394,-0.01723263,0.05693159
0.07461035,-0.18834928,0.16609575,-0.04326848,0.2310715,-0.18953075,0.20241013,0.08193526,-0.03759322,0.07178823
-0.01760947,-0.16539375,0.15479681,-0.04474353,0.25331783,-0.19795023,0.16752034,0.09952403,-0.0388449,0.08114164
-0.11520156,-0.14418256,0.13732281,-0.03991169,0.26048994,-0.20999886,0.13834591,0.138928,-0.03475885,0.1040983
-0.20269965,-0.13117918,0.09845605,-0.01566748,0.23670599,-0.19874914,0.10479612,0.15181546,-0.03416464,0.12092984
-0.26852447,-0.13629366,0.05424931,0.00640585,0.21445557,-0.16631286,0.07271013,0.13693021,-0.04029528,0.11163997
-0.32047278,-0.13015307,0.01037055,0.00964896,0.17129274,-0.11169162,0.05337201,0.1077375,-0.02669523,0.09501719
-0.34057289,-0.11064023,-0.04219696,0.01584306,0.13833857,-0.08431114,0.03780144,0.1009417,-0.01961775,0.06886322
-0.32775587,-0.09620271,-0.09053087,0.01791072,0.10239308,-0.0755617,0.04044675,0.08963311,0.007282,0.05223728
-0.29504961,-0.05769211,-0.14649709,0.01203082,0.06184283,-0.05090397,0.04395409,0.08754902,0.0343806,0.0539042
-0.22788538,-0.0002871,-0.16348669,-0.01106412,0.01231019,-0.05909868,0.05315133,0.07985812,0.04592099,0.04360425
-0.14533067,0.05181684,-0.16274023,-0.00932151,-0.02360804,-0.05613481,0.05927535,0.07644505,0.05777732,0.04539735
-0.067445,0.09255218,-0.14406383,0.01021881,-0.06044545,-0.04572547,0.06910886,0.05959512,0.07171505,0.02979068
0.03216442,0.12827684,-0.13833892,0.01871044,-0.09975624,-0.0580223,0.08224668,0.03386814,0.08677638,0.00664052
0.14613093,0.12444317,-0.13127746,0.01767668,-0.12378995,-0.05971849,0.10144915,0.02064028,0.09100712,-0.02347159
0.27523252,0.11936463,-0.10611667,0.02125212,-0.13852198,-0.05468103,0.12192927,-0.00181416,0.08796901,-0.06299292
0.38748688,0.10928207,-0.07638796,0.01590788,-0.13753191,-0.07533281,0.1207985,0.00395798,0.11009012,-0.08313554
0.52472496,0.12350528,-0.04605048,0.02742361,-0.13706951,-0.10894285,0.12018801,0.03579153,0.13218497,-0.09112576
0.61954367,0.13475148,-0.00130444,0.03475052,-0.12186465,-0.15158257,0.11448005,0.04326254,0.13709378,-0.09482759
0.66663843,0.13366336,0.04144424,0.03899707,-0.09513497,-0.16913402,0.0985001,0.04452489,0.13816373,-0.11080649
0.70917296,0.088366,0.0896923,0.04583873,-0.05676995,-0.19889183,0.08003759,0.06900614,0.13551947,-0.11847434
0.71304661,0.04158649,0.12480361,0.05612599,-0.04149963,-0.21699859,0.06048017,0.07228328,0.13374928,-0.13899158
0.68258482,-0.03052617,0.14591855,0.0736093,-0.01045799,-0.21588001,0.03808156,0.06158628,0.12687911,-0.140992
0.65294975,-0.09629302,0.15987167,0.08176983,0.01484144,-0.22732517,0.03540935,0.03490563,0.11515583,-0.14558654
0.62042892,-0.16150089,0.16218419,0.08337559,0.0400314,-0.24610887,0.02998738,0.02698506,0.10062476,-0.15040992
0.56730318,-0.20372541,0.1490538,0.09090739,0.05856096,-0.23648617,0.01417283,0.00891814,0.08571268,-0.13654134
0.49450547,-0.25100282,0.16367795,0.10815086,0.07351539,-0.22676119,0.00583965,-0.00945128,0.07005614,-0.12437329
0.41292977,-0.28140691,0.15474389,0.10331456,0.09072596,-0.22084424,0.00132824,-0.0287296,0.05661146,-0.12266452
0.32867619,-0.3260397,0.16200629,0.09426447,0.10188339,-0.19092737,0.01193422,-0.04738207,0.04618451,-0.13515167
0.25177789,-0.37802434,0.15873905,0.0850152,0.1035679,-0.16056748,0.02339966,-0.07448768,0.03943083,-0.15915279
0.16544072,-0.39787462,0.13574381,0.07559344,0.10570174,-0.14139718,0.03402159,-0.09434927,0.0255022,-0.14993671
0.09713572,-0.40821689,0.10853956,0.05499413,0.07427044,-0.14617923,0.06325277,-0.10874604,0.0154535,-0.13052873
0.02338742,-0.3929688,0.08109511,0.01811551,0.0345763,-0.11198888,0.0658818,-0.14165339,0.00904078,-0.11743923
-0.01759712,-0.39943212,0.07190443,-0.0141322,0.02031533,-0.095764,0.0775128,-0.156827,0.00177517,-0.12051895
-0.03849123,-0.37298027,0.06206361,-0.04263167,-0.00492865,-0.08597665,0.09502475,-0.16319178,0.01061622,-0.13304852
-0.05646741,-0.35766247,0.04786236,-0.07045501,-0.02863488,-0.07987346,0.10513727,-0.14640354,0.02186776,-0.141257
-0.08930057,-0.35195321,0.05027646,-0.09403556,-0.04242035,-0.06295622,0.11289806,-0.14713182,0.03501502,-0.13865511
-0.13293655,-0.3630892,0.07573815,-0.13678037,-0.04869023,-0.03990435,0.12305428,-0.13926141,0.05504811,-0.14178084
-0.17196167,-0.37397301,0.07220642,-0.16917539,-0.05600297,-0.02722244,0.12811509,-0.12923835,0.06653591,-0.13451321
-0.21321024,-0.38461733,0.0898141,-0.1906402,-0.0548907,-0.00985151,0.12540938,-0.13042523,0.06943154,-0.12644047
-0.23677388,-0.38011879,0.10069209,-0.20798326,-0.05116735,-0.00542345,0.12326778,-0.12707613,0.05281044,-0.10757406
-0.23539983,-0.37660313,0.12953931,-0.21630232,-0.05367906,-0.02514648,0.10608845,-0.10404203,0.03890926,-0.08834697
-0.24903618,-0.39467832,0.12315487,-0.22055317,-0.06865729,-0.0170365,0.09311466,-0.08607623,0.05234148,-0.09428937
-0.25068095,-0.44078618,0.10301704,-0.22217607,-0.07416955,-0.00117294,0.07075745,-0.0707066,0.06404906,-0.09934638
-0.25473678,-0.46448728,0.08064581,-0.22476704,-0.07009375,-0.00211332,0.06159462,-0.04870248,0.07581815,-0.11458227
-0.25983366,-0.46816486,0.0686919,-0.22941449,-0.07862795,-0.0052461,0.040489,-0.02635613,0.07533456,-0.11215637
-0.28054291,-0.48372599,0.04763814,-0.22581254,-0.08167019,-0.00935661,0.01470894,-0.0138154,0.05417662,-0.10450538
-0.2804499,-0.50433707,0.03720074,-0.22018039,-0.0886356,-0.03039066,-0.00980493,0.00278553,0.01171769,-0.09844701
-0.26925156,-0.49258873,0.01564498,-0.22610527,-0.09910208,-0.05898531,-0.03179624,0.02892792,-0.02328767,-0.09384411
-0.23330967,-0.47101212,-0.0032382,-0.21298465,-0.12510255,-0.08701635,-0.05293808,0.05821337,-0.05380933,-0.08753406
-0.1842653,-0.43365958,-0.03464792,-0.20285201,-0.14496188,-0.10732898,-0.06374814,0.08388365,-0.07711992,-0.0862047
-0.14108086,-0.41062945,-0.08573592,-0.19098984,-0.18137437,-0.11719449,-0.07368733,0.10542149,-0.09185642,-0.08891528
-0.08824616,-0.39777526,-0.1186993,-0.17334415,-0.19857211,-0.13935848,-0.05494698,0.13899955,-0.09133577,-0.09359696
-0.01921099,-0.38141173,-0.16330406,-0.1453553,-0.22839677,-0.14892457,-0.045528,0.1698537,-0.08607202,-0.09717645
0.06337626,-0.37804866,-0.15635665,-0.13041055,-0.2273619,-0.14403477,-0.04746899,0.18399142,-0.0828183,-0.10175138
0.11553565,-0.34711787,-0.12570395,-0.10360449,-0.21229212,-0.13622539,-0.05846436,0.17960194,-0.08718707,-0.09173741
0.16484061,-0.29460156,-0.08310436,-0.06852068,-0.19837137,-0.14686263,-0.05555746,0.17721671,-0.10902309,-0.07142963
0.19948982,-0.25493819,-0.06239948,-0.04169789,-0.1784301,-0.15581912,-0.03881671,0.1650375,-0.12385571,-0.04699802
0.25064433,-0.19851559,-0.03374678,-0.02859952,-0.17833936,-0.16252902,-0.02993319,0.16903384,-0.1158583,-0.04780304
0.27041662,-0.14194289,-0.03759316,-0.02863777,-0.16859895,-0.14001583,-0.04069037,0.16366339,-0.08755124,-0.03260271
0.28382525,-0.11248565,-0.03452735,-0.01165186,-0.14674149,-0.11028849,-0.03434176,0.15937968,-0.07058245,-0.02909574
0.29676524,-0.08237043,-0.02525134,0.00376859,-0.10692768,-0.0837222,-0.00962835,0.14225471,-0.06249982,-0.02589434
0.30651376,-0.0604344,0.01135877,0.01847489,-0.08971024,-0.0654861,-0.0046386,0.11553709,-0.05134909,-0.02618924
0.33745208,-0.02031889,0.05039785,0.04255839,-0.06252015,-0.06113704,0.00440979,0.10493141,-0.05585596,-0.01814144
0.34448496,0.02350583,0.0772619,0.04863537,-0.05097149,-0.04268089,-0.00349291,0.07528646,-0.07118195,-0.01724396
0.3634842,0.04615954,0.10312805,0.04868321,-0.04585918,-0.03115824,-0.01079422,0.05469043,-0.09186439,-0.0130389
0.33909699,0.09031337,0.11500673,0.05003891,-0.03829072,-0.04007478,-0.00736745,0.05083924,-0.12936316,-0.00042227
0.30852574,0.11278295,0.10879137,0.04630129,-0.0308137,-0.04212325,0.01501743,0.05298093,-0.15428145,0.00384424
0.28655046,0.11324561,0.0834519,0.03557883,-0.00503156,-0.02328765,0.03302189,0.04922611,-0.16377844,-0.00286196
0.27352276,0.11415183,0.08781817,0.03710309,0.02050154,-0.02280249,0.05268275,0.05344133,-0.16366799,-0.01590981
0.2330813,0.08982609,0.09312026,0.06993693,0.04673252,-0.01878908,0.07322297,0.04769413,-0.18848729,-0.00319668
0.18920155,0.06197134,0.11267506,0.08910637,0.08296287,-0.02620845,0.09263363,0.03372617,-0.20626694,0.00202942
0.12252972,0.02948659,0.12077083,0.11662529,0.11089151,-0.0036463,0.1015095,0.03518738,-0.21919428,0.01899126
0.04863092,-0.00271995,0.1238745,0.11301223,0.12869699,0.00432488,0.09248884,0.04512914,-0.22013615,0.02239011
-0.03561203,-0.00978378,0.11225539,0.10578506,0.14182515,0.01524841,0.08462289,0.05796254,-0.20331772,0.02425011
-0.13722835,-0.02450425,0.10588083,0.08193498,0.15628764,0.02107576,0.0735494,0.06645472,-0.1798059,0.03415263
-0.24378608,-0.04500614,0.08185615,0.06873607,0.15461077,0.03089401,0.05584753,0.07830456,-0.16559462,0.0541136
-0.33034292,-0.0498307,0.05489688,0.05801921,0.16040611,0.02405635,0.04396978,0.07553822,-0.14958063,0.04635001
-0.42288992,-0.05281236,0.03498249,0.03364017,0.17445868,0.03594031,0.037974,0.05352734,-0.12624693,0.03768609
-0.51327199,-0.05494352,0.03075312,0.00193309,0.1678869,0.03687431,0.03076622,0.04251147,-0.08870427,0.02167991
-0.586725,-0.05632081,0.04418574,-0.01873069,0.12974723,0.022862,0.02603489,0.03637358,-0.06582328,0.01343245
-0.64651543,-0.04824827,0.03913612,-0.03400781,0.08409221,0.01737831,0.01348877,0.02576158,-0.05176879,0.00725281
-0.69316912,-0.02638556,0.02708972,-0.05411734,0.05554013,0.01924247,0.02056361,0.02081233,-0.0409581,0.01151584
-0.73095196,0.00165183,0.04285958,-0.06310245,0.02342695,0.02134931,0.00818182,0.01731568,-0.00857596,0.01063706
-0.73146176,0.04162416,0.04454392,-0.08323483,-0.01505205,0.01629572,0.00030303,0.00610693,0.01638909,0.01272983
-0.72856694,0.06648915,0.03453107,-0.09129929,-0.03194069,0.01784559,-0.00140036,0.0042518,0.02599895,0.02661308
-0.72594851,0.08013763,0.01128899,-0.10852587,-0.03004262,0.02588037,-0.00378358,0.0139432,0.0109286,0.04604165
-0.72418106,0.07992891,-0.00014952,-0.1046059,-0.04281363,0.03616725,-0.00612702,0.02964433,0.01001222,0.06693081
-0.71699262,0.09965375,0.00557596,-0.0795335,-0.05321322,0.03121848,-0.00431936,0.03799104,0.00436767,0.07834785
-0.6817919,0.09781535,0.03846591,-0.03000523,-0.06420311,0.02411586,0.0035502,0.04554632,-0.00245984,0.08567692
-0.63711983,0.11781047,0.03730125,0.01877484,-0.08165965,0.04128148,0.01042005,0.04977147,0.00948247,0.08771285
-0.56972176,0.14161429,0.02341595,0.0609898,-0.08152432,0.05884239,0.00932472,0.05533324,0.00643852,0.10434859
-0.50529259,0.14480302,0.0013596,0.0789229,-0.09919289,0.0833727,0.01257172,0.0619786,0.0253095,0.11513373
-0.43407235,0.13620044,-0.01196671,0.09243573,-0.11663765,0.11907084,0.01271048,0.08424551,0.03649457,0.13448884
-0.35031936,0.13631609,-0.00339714,0.09063556,-0.13096078,0.13069426,-0.00378693,0.08552346,0.05381654,0.13082108
-0.24333477,0.15131162,-0.02362756,0.10244392,-0.14156118,0.14964607,0.00827006,0.08182571,0.03414673,0.12161654
-0.13098465,0.17031837,-0.02441871,0.09658171,-0.16696568,0.15072145,0.00769118,0.09011699,0.0223107,0.1152249
-0.00387572,0.20725688,-0.01696114,0.0918109,-0.21297173,0.14417823,-0.00046243,0.08354964,0.01208439,0.10598838
0.12442233,0.22910841,0.00368298,0.11423317,-0.24388918,0.13164793,0.00073304,0.06075205,0.00920018,0.08666767
0.26924962,0.25619727,0.03883694,0.11381002,-0.24327366,0.11816378,0.0054257,0.03817013,-0.00337881,0.0590892
0.41914994,0.28135255,0.07625281,0.09949058,-0.23036297,0.12131335,0.0083812,0.0227223,0.00038697,0.03173198
0.57350361,0.32621446,0.07398075,0.07386211,-0.21960625,0.12486526,0.00128715,0.03025208,-0.00179074,0.02280411
0.67833579,0.3297846,0.11231788,0.04443172,-0.19305594,0.10719051,-0.00099707,0.05939342,-0.01193477,0.02934804
0.73455602,0.33116513,0.15294887,0.0368738,-0.16782092,0.08161924,-0.00783586,0.08155917,-0.02721195,0.042216
0.75646263,0.34035695,0.19439302,0.05073067,-0.11840708,0.05452886,-0.02226879,0.09180862,-0.05496651,0.05910554
0.71536839,0.35009485,0.22766654,0.06676262,-0.05753102,0.02441524,-0.04000105,0.07910423,-0.0681365,0.04507086
0.66019201,0.34118146,0.22126961,0.07601424,-0.01096111,0.01641756,-0.06430821,0.08301332,-0.07532804,0.04011127
0.57138377,0.31653038,0.21410845,0.07491079,0.03000749,0.02021385,-0.08084433,0.10432856,-0.07599252,0.04319442
0.45936379,0.26894221,0.19769542,0.0853563,0.08159018,0.02164986,-0.1000081,0.11809202,-0.07914865,0.0359759
0.32430133,0.22863473,0.17558201,0.10347302,0.14284073,0.03399511,-0.11487939,0.14089255,-0.0849775,0.0357662
0.17971714,0.20591266,0.17107064,0.10095257,0.19105349,0.03108827,-0.12936993,0.1708592,-0.08055633,0.0353342
0.01084078,0.19164898,0.14774866,0.1044905,0.21507987,0.03265608,-0.15075135,0.18023419,-0.07589687,0.03892173
-0.17475353,0.16283104,0.10238223,0.09046043,0.22533366,0.01182286,-0.17302585,0.18848652,-0.07302739,0.04967129
-0.35291573,0.11901091,0.07899884,0.07960265,0.21718349,-0.0216999,-0.18043919,0.200468,-0.06509269,0.03610228
-0.52792615,0.08109821,0.03901356,0.04459479,0.1690065,-0.03166289,-0.17976776,0.17409158,-0.05835987,0.02558622
-0.65415418,0.05774283,0.01177613,0.00115496,0.1208386,-0.05349983,-0.17418513,0.15574203,-0.0461779,-0.00331793
-0.7318902,0.04187705,-0.00968269,-0.04677672,0.06465387,-0.06874853,-0.16499497,0.14759657,-0.03042849,-0.03577996
-0.75172478,0.03271738,-0.04421626,-0.0941464,0.01681629,-0.0742636,-0.14822942,0.14687824,-0.02575969,-0.0434144
-0.76607257,0.04449602,-0.05896703,-0.13528708,-0.0229385,-0.07683294,-0.12135053,0.14696346,-0.02294486,-0.0485967
-0.75825852,0.053116,-0.04879773,-0.16474132,-0.07087795,-0.09180831,-0.10821931,0.13930795,-0.01269463,-0.04677236
-0.75942159,0.08427501,-0.04152907,-0.20501344,-0.10634423,-0.09683774,-0.08379194,0.13052838,-0.00866463,-0.04741641
-0.73756343,0.09443301,-0.03327097,-0.22190019,-0.1647936,-0.10458479,-0.06362045,0.12516649,0.00313796,-0.05768373
-0.70256829,0.09139732,-0.04650644,-0.23523931,-0.20028836,-0.10166562,-0.04406869,0.11712692,0.00643668,-0.06349871
-0.67879754,0.08884054,-0.06660363,-0.24198289,-0.23667249,-0.11348137,-0.02901707,0.12379719,0.00014718,-0.05504223
-0.6489495,0.09096035,-0.06042664,-0.22796966,-0.25854421,-0.11451361,-0.00830132,0.11363729,-0.00748936,-0.05706606
-0.58270156,0.07659886,-0.04113095,-0.21089417,-0.25919837,-0.10874976,-0.00153543,0.10431547,-0.02062942,-0.06041472
-0.52845728,0.09119397,-0.02397915,-0.16901018,-0.23819509,-0.10891245,0.01083898,0.11185527,-0.03615046,-0.05932263
-0.48981315,0.09574317,0.0097865,-0.14125896,-0.21605507,-0.07472973,0.01560394,0.10089496,-0.0354558,-0.05700363
-0.48628372,0.11355733,0.02320646,-0.11714086,-0.18538496,-0.0481801,0.01711619,0.08435364,-0.03344988,-0.03502622
-0.49259454,0.13528484,0.05730604,-0.0894165,-0.17760652,-0.03620624,0.01046041,0.07399617,-0.03058704,-0.01719933
-0.51386547,0.15170166,0.09364979,-0.05666688,-0.15413676,-0.02758142,0.00956348,0.05971701,-0.03673406,-0.00725558
-0.54694951,0.15685993,0.11061732,-0.03955761,-0.12670414,-0.01972935,0.00582801,0.04283463,-0.04065604,-0.00488627
-0.56206948,0.16396806,0.11671099,-0.01067818,-0.11021858,-0.01009035,-0.00135913,0.0395869,-0.03987865,-0.00455475
-0.58198529,0.18483339,0.12551811,-0.00823117,-0.07418562,-0.01034107,-0.01745602,0.04267912,-0.04741333,0.01430206
-0.61951655,0.20417425,0.13956185,-0.00498908,-0.04768513,-0.00340337,-0.03435669,0.03871017,-0.04879954,0.03058542
-0.64295477,0.2225738,0.15393873,-0.01125207,-0.02035679,0.01131626,-0.04417223,0.0313657,-0.04261321,0.04095577
-0.66373312,0.23582007,0.16171302,-0.0139862,-0.00896491,0.02799661,-0.05526856,0.03763514,-0.0561685,0.04037237
-0.70222831,0.24421616,0.13998874,-0.01718766,-0.0121238,0.02814784,-0.05889283,0.03681669,-0.04402827,0.03407916
-0.7559253,0.22984642,0.12729703,-0.03059245,-0.0276682,0.03109824,-0.06469441,0.02704316,-0.02887592,0.03623016
-0.77287906,0.23220564,0.1016863,-0.03934688,-0.04244265,0.02928912,-0.07719209,0.02418241,-0.03801987,0.04494067
-0.76482958,0.21714586,0.09683121,-0.05634183,-0.06382873,0.01937099,-0.09158754,0.02142402,-0.03949911,0.03771602
-0.75068718,0.21117124,0.08746175,-0.0652454,-0.06614172,0.0189124,-0.0878649,0.02557647,-0.04890267,0.04762734
-0.69693285,0.210925,0.08004896,-0.08682077,-0.07355158,0.01028999,-0.07326373,0.02740592,-0.06398708,0.06465196
-0.61723143,0.23336005,0.06065878,-0.10329439,-0.08665613,0.01850023,-0.05858911,0.03104756,-0.0826622,0.08108252
-0.5360316,0.24223022,0.08101653,-0.12949543,-0.1097266,0.02038655,-0.04349316,0.01547856,-0.08346914,0.09897086
-0.44313064,0.24430431,0.09641825,-0.14422612,-0.12930557,0.01520684,-0.02720107,-0.01381922,-0.09087459,0.1081716
-0.32708278,0.24291797,0.08908376,-0.15436292,-0.16107887,0.01653254,-0.01273214,-0.0419462,-0.08678835,0.10284565
-0.19483736,0.22433165,0.10187718,-0.14810845,-0.17780063,0.0050412,0.00180789,-0.05705521,-0.09712785,0.09579525
-0.07167599,0.20318797,0.10969636,-0.1454532,-0.19154297,-0.00601672,-0.00317111,-0.05772348,-0.09096484,0.11883479
0.07019844,0.21068113,0.11518948,-0.12677,-0.19454812,0.01035206,-0.01043108,-0.07559627,-0.10736582,0.14396568
0.18950652,0.22768101,0.11595273,-0.10299115,-0.18895201,0.0388489,-0.02570352,-0.09514541,-0.12181803,0.15228683
0.26323608,0.2287098,0.09962326,-0.0834123,-0.17791228,0.04394557,-0.0154942,-0.09819824,-0.14246853,0.17838717
0.32299846,0.24260284,0.08999722,-0.04047566,-0.16188011,0.04656665,-0.00310703,-0.09426501,-0.16616341,0.1942158
0.35068399,0.23234476,0.06297823,-0.00686579,-0.14158791,0.07137345,-0.00838153,-0.10416262,-0.1736504,0.18023711
0.3618525,0.21605,0.035891,0.0328619,-0.12615296,0.09455416,-0.02502017,-0.11157432,-0.16036698,0.15940855
0.36746362,0.18095219,0.0292991,0.06789063,-0.10918345,0.10801349,-0.039531,-0.12036423,-0.15020381,0.12858593
0.37543008,0.14604633,0.01575916,0.10734427,-0.091551,0.1227934,-0.05453233,-0.12811194,-0.14404498,0.10795723
0.35083067,0.09284557,0.00362053,0.1356604,-0.07366966,0.15289927,-0.05418624,-0.13909306,-0.12214298,0.07408623
0.3332043,0.03181664,0.02128589,0.15531024,-0.05449939,0.16301045,-0.04171617,-0.15432306,-0.12213167,0.05663721
0.31724718,-0.00246931,0.02672929,0.17117827,-0.05398228,0.18776537,-0.04198743,-0.17724481,-0.10981541,0.03315481
0.32137361,-0.02222952,0.02721354,0.18351142,-0.03629147,0.2070647,-0.01734031,-0.18623541,-0.09976695,-0.00374129
0.34453332,-0.06457724,0.06187822,0.17042446,-0.02027232,0.19217736,0.0046449,-0.16376013,-0.08176149,-0.04016203
0.35946751,-0.10053108,0.07052878,0.14598984,0.01296736,0.18260206,0.01448755,-0.14160545,-0.06867505,-0.04495405
0.36485657,-0.12662779,0.08552966,0.12711568,0.03631119,0.18273479,0.00858311,-0.1300963,-0.0420321,-0.06705931
0.3586553,-0.16075332,0.08118157,0.08538018,0.07493469,0.19991927,0.00785203,-0.12930007,-0.01046773,-0.09127361
0.35630625,-0.18931273,0.07919872,0.05061847,0.10063901,0.18630588,0.01791762,-0.13463548,0.0023563,-0.08989332
0.34063151,-0.23399894,0.07630927,0.03115496,0.10146862,0.18463024,0.00558616,-0.12627514,0.00528658,-0.086779
0.30800241,-0.26567996,0.06951336,0.01350489,0.10784928,0.1749679,-0.01142913,-0.11610496,0.00463593,-0.06111194
0.26108769,-0.28901178,0.03112012,0.01060242,0.11746098,0.16381787,-0.03607089,-0.1011233,0.00217323,-0.05135845
0.23383152,-0.29355225,0.01296771,0.0107128,0.11666272,0.14543384,-0.05376021,-0.08759902,-0.019638,-0.02856825
0.18994212,-0.28420019,-0.00173352,0.02614524,0.09313411,0.13929106,-0.08019779,-0.07341677,-0.01896891,-0.0257222
0.15032989,-0.28500009,-0.01004468,0.01722433,0.08923361,0.12819655,-0.09091677,-0.07821185,-0.03243009,-0.01366608
0.11627712,-0.27848366,-0.02868847,0.00531211,0.07499802,0.14205335,-0.10514642,-0.09539369,-0.03724625,-0.00973177
0.1054085,-0.2472443,-0.0679444,0.03156779,0.05638588,0.15571626,-0.12324946,-0.09182473,-0.04250614,-0.00532693
0.07755319,-0.22933,-0.0718981,0.05003289,0.04360151,0.15763319,-0.12711303,-0.11266916,-0.0491454,-0.0197638
0.05512026,-0.19272548,-0.07086024,0.07569851,0.04470902,0.14792906,-0.13249591,-0.10952788,-0.05171244,-0.02422222
0.04358396,-0.16196314,-0.07008959,0.10939863,0.01772588,0.13179865,-0.13154393,-0.09231602,-0.06787045,-0.01722924
0.06063021,-0.13612323,-0.05985869,0.13203844,-0.01200493,0.12721737,-0.14345916,-0.07091791,-0.07475597,-0.03166525
0.09478824,-0.08900969,-0.0674018,0.14026284,-0.02365748,0.12983871,-0.14792056,-0.05406017,-0.08767395,-0.03759983
0.12980087,-0.0512461,-0.06755765,0.15030169,-0.03767902,0.12545717,-0.13879704,-0.04381343,-0.09982547,-0.05237337
0.15015423,-0.024593,-0.04672484,0.15332584,-0.05652878,0.12933035,-0.12193553,-0.05222781,-0.11084343,-0.05662494
0.17667493,0.00688228,-0.04865267,0.14526674,-0.07602121,0.13573018,-0.11140642,-0.06790167,-0.10725331,-0.05993735
0.2236556,0.04262008,-0.05837577,0.12996231,-0.07700498,0.12455731,-0.11232311,-0.07365183,-0.12437845,-0.06368409
0.25055787,0.06213277,-0.06651195,0.11381958,-0.08571272,0.13240807,-0.10542847,-0.05671373,-0.12781467,-0.05931148
0.26539326,0.06638551,-0.07454598,0.11251957,-0.07793102,0.13273996,-0.09443297,-0.03607063,-0.13167335,-0.06728318
0.29773006,0.04629803,-0.08818847,0.10610833,-0.06636858,0.14724919,-0.0955897,-0.03974501,-0.14233889,-0.08514788
0.30901751,0.03094819,-0.10276524,0.09012234,-0.06567686,0.15543889,-0.09458841,-0.01202124,-0.13229284,-0.07908514
0.32447234,-0.01451466,-0.13480216,0.06886388,-0.07994194,0.18559518,-0.09087724,-0.00066574,-0.11360823,-0.07549092
0.32527593,-0.04860936,-0.16901605,0.05232147,-0.08397657,0.20201096,-0.09658492,-0.00049469,-0.10020205,-0.06515453
0.33288741,-0.06303036,-0.19825742,0.04607035,-0.08172262,0.2087137,-0.0899693,-0.00146276,-0.09245832,-0.06211386
0.32933024,-0.08286402,-0.19657622,0.03066266,-0.07691003,0.20255843,-0.0722995,-0.00549838,-0.07536992,-0.07284644
0.33192378,-0.0876348,-0.1955048,0.02929631,-0.06342695,0.1975067,-0.07220983,-0.00198887,-0.05370945,-0.07811845
0.33055574,-0.10239822,-0.19682688,0.03361043,-0.05327507,0.19451211,-0.07566281,0.00590552,-0.03550543,-0.08802545
0.31587714,-0.11519757,-0.1973699,0.04857023,-0.03521958,0.18526977,-0.08212688,0.02045487,-0.01767375,-0.1005241
0.28592381,-0.12283979,-0.1947448,0.06269515,-0.00977848,0.1810755,-0.07264659,0.03126305,0.00442008,-0.09708413
0.25516182,-0.1292716,-0.18184415,0.0890505,0.00879225,0.16864985,-0.07685316,0.04600376,0.01891162,-0.11186711
0.23304231,-0.13252218,-0.15738887,0.10061725,0.01276473,0.14517485,-0.08487925,0.03798819,0.01199246,-0.09888214
0.2124761,-0.12914748,-0.1455473,0.12116535,0.00294206,0.10768049,-0.08212057,0.03810703,0.0050416,-0.09510924
0.14542201,-0.1427217,-0.14014645,0.12498281,-0.01814613,0.09596409,-0.07707258,0.01090172,-0.00124432,-0.10891471
0.09360622,-0.14089218,-0.126857,0.11633897,-0.02822262,0.0690823,-0.0908455,-0.01183621,-0.02346672,-0.11975396
0.07825764,-0.13031909,-0.09446268,0.10624596,-0.02815363,0.06143216,-0.10486094,-0.03247708,-0.04927471,-0.14376099
0.02793229,-0.11781273,-0.08829898,0.0926523,-0.01881765,0.04631687,-0.1144026,-0.06021181,-0.06709405,-0.13911681
-0.01962793,-0.11422613,-0.10092155,0.0794415,-0.01697807,0.04363402,-0.10951079,-0.08625482,-0.08786514,-0.13762839
-0.07157586,-0.12999129,-0.12322883,0.06271198,-0.03112343,0.04358789,-0.09455822,-0.1037089,-0.09855643,-0.12282327
-0.11309974,-0.11512199,-0.13126716,0.02930126,-0.02625662,0.05299613,-0.09314194,-0.11351057,-0.09532237,-0.11382515
-0.1345453,-0.11419637,-0.13121089,0.01472943,-0.02525325,0.07152487,-0.09247264,-0.11149292,-0.0975884,-0.10589334
-0.13927372,-0.12796721,-0.13595191,-0.01078769,-0.02760501,0.08412853,-0.09154148,-0.10152153,-0.10585904,-0.09562723
-0.12164145,-0.11937326,-0.1465674,-0.02881588,-0.01362228,0.08931974,-0.08089096,-0.09434729,-0.10247483,-0.09665562
-0.13970311,-0.13153993,-0.16868071,-0.04042102,-0.02167806,0.07914167,-0.07118214,-0.08860765,-0.07632915,-0.09844329
-0.14193515,-0.13848524,-0.17574143,-0.06458653,-0.04203718,0.06449567,-0.07014725,-0.07873889,-0.04993745,-0.09061288
-0.10947361,-0.11108336,-0.17679383,-0.06086962,-0.04208385,0.03488868,-0.08111917,-0.04499312,-0.04968755,-0.06771744
-0.07504451,-0.09965207,-0.17205237,-0.05468846,-0.03819481,0.02256336,-0.07651566,-0.02210578,-0.04033758,-0.0557953
-0.0548287,-0.10994778,-0.18148059,-0.04700741,-0.04012265,0.00254437,-0.08168523,0.00030022,-0.01783252,-0.0417286
0.00311258,-0.13812312,-0.15745617,-0.04632152,-0.04894949,-0.00548051,-0.08331326,0.03669979,-0.00669315,-0.02918547
0.06932344,-0.15076301,-0.13118845,-0.0347548,-0.05003136,-0.00809375,-0.09016347,0.05918324,0.00190983,-0.01251457
0.14695895,-0.16154552,-0.09062129,-0.02333914,-0.06030105,-0.01460624,-0.10192546,0.08898728,0.0159387,-0.020783
0.22644986,-0.16850412,-0.07344615,-0.00142689,-0.08716575,-0.03551367,-0.09110244,0.09676756,-0.00138927,-0.0304618
0.30842251,-0.14511126,-0.05362686,0.00028749,-0.09652868,-0.06068105,-0.07730617,0.10021149,-0.00882586,-0.03014492
0.40169701,-0.09877701,-0.03772138,0.00974389,-0.1227236,-0.06068126,-0.06983164,0.08513465,-0.00907248,-0.0388467
0.49668038,-0.07466719,-0.02666872,0.02193172,-0.15488239,-0.07575299,-0.06186613,0.07626004,-0.01222038,-0.04192339
0.62289083,-0.01155551,-0.00381624,0.00589922,-0.15650493,-0.07635907,-0.04560132,0.07669172,-0.00397581,-0.06331815
0.75718325,0.06346953,0.01411168,-0.00549873,-0.1288857,-0.05398658,-0.05019825,0.08756289,0.00686517,-0.08039103
0.86180961,0.12874907,0.039219,-0.02513715,-0.09931496,-0.03031339,-0.02963612,0.08527696,0.03344163,-0.0850227
0.95806915,0.19492796,0.04496346,-0.02823296,-0.0626158,0.00389542,-0.01950151,0.08381638,0.03813675,-0.0875395
1.02736199,0.26536417,0.03879922,-0.04632593,-0.04053589,0.04670962,0.00235656,0.08277041,0.04070883,-0.09829471
1.06191754,0.35629904,0.01872576,-0.07205387,-0.0312968,0.08098681,0.01529039,0.08111066,0.04344663,-0.11739993
1.08863592,0.43754768,0.01748767,-0.10539796,-0.0394782,0.09396356,0.0195445,0.08275217,0.05747432,-0.13284713
1.10365939,0.53753811,-0.00433922,-0.14153987,-0.02988121,0.10468567,0.02931406,0.06948527,0.04196785,-0.13899845
1.11530411,0.6179955,-0.01028793,-0.17540577,-0.01427114,0.10589939,0.01553087,0.05841832,0.05192443,-0.1415865
1.10272002,0.67587894,-0.02226021,-0.20214526,-0.00711495,0.1198528,0.00742445,0.04467854,0.06596848,-0.15358546
1.02470124,0.69357389,-0.04673437,-0.2202474,0.03365428,0.1131748,0.00319188,0.0458069,0.08206256,-0.16232681
0.91533315,0.702685,-0.08307519,-0.23913907,0.08194183,0.12019267,-0.00305305,0.03572688,0.09491055,-0.13823
0.78769284,0.68108523,-0.12826923,-0.23577286,0.12116259,0.11690245,-0.01705062,0.02763099,0.08222043,-0.10597678
0.66783488,0.61387444,-0.16868708,-0.20548415,0.11268598,0.10715347,0.00101291,-0.0058907,0.06733174,-0.09183469
0.52824074,0.55035943,-0.21795309,-0.18680599,0.10248882,0.11501201,0.00439126,-0.03788543,0.04375851,-0.08752244
0.4243753,0.49314532,-0.26092264,-0.16721995,0.06562991,0.10225639,0.0364947,-0.06185381,0.02484737,-0.07425421
0.34430677,0.445694,-0.29052374,-0.147954,0.04848446,0.06924056,0.05544131,-0.08159845,0.00833124,-0.05378805
0.26496872,0.40471548,-0.30685395,-0.10750538,0.05566794,0.0442909,0.09417227,-0.10631168,0.00191345,-0.03199645
0.16107413,0.34130135,-0.34651542,-0.06261259,0.07385742,0.01964679,0.12519445,-0.11899104,-0.00685631,-0.01168435
0.06147428,0.26063439,-0.37481612,-0.01720667,0.10184291,0.02619522,0.15786135,-0.13899419,0.00848097,0.00459919
-0.00623182,0.17982507,-0.40177414,0.01067915,0.11876485,0.02996315,0.20024306,-0.12481715,0.01441914,0.01823362
-0.07063307,0.11488768,-0.42731994,0.04192932,0.11562481,0.04324958,0.22817847,-0.10734711,0.01355326,0.03385201
-0.09906141,0.06313653,-0.43933555,0.06043861,0.10296293,0.04962439,0.24755663,-0.10345907,0.01149053,0.04134714
-0.11470126,0.02799077,-0.43684244,0.07692064,0.08108559,0.06358323,0.26181307,-0.09295259,0.01646846,0.02576916
-0.13696504,0.00394008,-0.42313531,0.08367765,0.05695821,0.07710693,0.2745277,-0.08576453,0.02206103,0.01674563
-0.17452218,0.01173165,-0.4042803,0.08392567,0.05687509,0.09345283,0.25790343,-0.07954629,0.01888668,0.00247133
-0.21814743,0.01994583,-0.38269457,0.09003822,0.05687453,0.10021093,0.24230964,-0.07324859,0.01715942,-0.00948159
-0.26869667,0.02934349,-0.35154334,0.07624406,0.07367805,0.11621769,0.20710111,-0.06073485,0.02926341,-0.02496819
-0.31089365,0.05271773,-0.32679889,0.08106363,0.08854029,0.13326053,0.18695138,-0.06075497,0.04742884,-0.03499709
-0.3381871,0.03926084,-0.30942786,0.0660267,0.1019312,0.14657563,0.14598018,-0.05543916,0.0601053,-0.04123877
-0.3378827,0.03032611,-0.29052329,0.06027984,0.10097297,0.18556264,0.11405771,-0.05785766,0.06767048,-0.0426545
-0.33604628,0.02287679,-0.27126846,0.0303939,0.09180149,0.20044555,0.07795539,-0.05784634,0.0761554,-0.03489647
-0.3445287,-0.00127692,-0.25771397,0.02533953,0.09348584,0.23437759,0.05692865,-0.06378102,0.08387139,-0.03540933
-0.34950337,-0.03084165,-0.22563334,0.00543311,0.09853131,0.2352571,0.02958998,-0.07607912,0.09241521,-0.03698891
-0.36261231,-0.06121864,-0.19666639,-0.01192554,0.09471854,0.2417962,0.00916665,-0.08410013,0.09963688,-0.02803248
-0.36368012,-0.07622554,-0.18492232,-0.01520745,0.08532195,0.24248847,-0.0115233,-0.08737464,0.10052049,-0.00822833
-0.34777763,-0.10339899,-0.16640776,-0.01741299,0.07931896,0.23711033,-0.0293356,-0.08605417,0.11869226,-0.00635877
-0.3106997,-0.13187091,-0.15222403,-0.01896733,0.08340348,0.21926421,-0.03711261,-0.05768932,0.1375511,0.01184625
-0.28439838,-0.15483917,-0.1461727,-0.03579711,0.09080529,0.19078444,-0.04901605,-0.05246573,0.14612384,0.03714621
-0.23915203,-0.18799618,-0.15666775,-0.05667588,0.0748817,0.16543393,-0.05004439,-0.05430778,0.1499455,0.04607949
-0.19456191,-0.24387915,-0.17032871,-0.07789887,0.04144141,0.15410329,-0.05557407,-0.04120456,0.14044309,0.04530445
-0.15606511,-0.27859282,-0.18492168,-0.09254301,0.01114666,0.13393243,-0.05485407,-0.04216928,0.14243022,0.03519431
-0.12691957,-0.30289692,-0.18301547,-0.11594792,0.00974318,0.1107365,-0.07145694,-0.03759005,0.14494847,0.02668913
-0.09076615,-0.32575455,-0.18344736,-0.11010368,0.01109613,0.09272073,-0.07476559,-0.01786247,0.12165624,0.01516261
-0.05535787,-0.32301658,-0.17396611,-0.11320107,0.00423008,0.0633313,-0.09610496,-0.00417345,0.10631858,0.02307235
-0.00880892,-0.32031271,-0.19051836,-0.10516313,-0.01211844,0.05291112,-0.10140371,0.00565869,0.09199978,0.03027112
0.06344934,-0.30849546,-0.1995748,-0.083109,-0.02860624,0.04398096,-0.11179204,0.01630268,0.06926838,0.0330978
0.12834795,-0.30093497,-0.20189546,-0.07520325,-0.04266454,0.02890174,-0.1163772,0.02338091,0.02914093,0.02345765
0.20516905,-0.28274933,-0.20318276,-0.05748244,-0.04788466,0.02851986,-0.12114238,0.03634329,-0.00468569,0.02489118
0.28695795,-0.26793268,-0.20737529,-0.04605172,-0.05248476,0.01152387,-0.11631012,0.02169994,-0.01957203,0.00973396
0.33909664,-0.23725575,-0.17878051,-0.03037817,-0.06191334,0.01549645,-0.11127249,0.02720254,-0.02247496,-0.0018476
0.40278995,-0.19750798,-0.14958622,-0.0001458,-0.05399571,0.01538627,-0.10151047,0.02660162,-0.03281894,0.00632162
0.44721675,-0.14965545,-0.09187032,0.01197233,-0.03194667,0.01411161,-0.10395087,0.01919062,-0.03402632,0.00608072
0.49032411,-0.09890149,-0.05549476,0.03985643,-0.01396372,0.02899926,-0.10592178,0.01776062,-0.03803916,0.00364688
0.55167979,-0.04207293,-0.02951157,0.03805384,-0.00836411,0.02492467,-0.11246681,0.01155976,-0.04739069,-0.0044333
0.60185248,0.00290227,0.00817248,0.04291188,-0.00088458,0.03396609,-0.11882061,0.01517585,-0.03270136,-0.01906744
0.65072751,0.05220117,0.03372452,0.0447817,0.00137883,0.04135926,-0.10444708,0.00888078,-0.03626128,-0.04720424
0.69077998,0.0956016,0.06011685,0.05351891,0.01536817,0.02785709,-0.0850564,-0.00025681,-0.04980906,-0.08234955
0.73039746,0.13544229,0.07929145,0.04018119,0.0427997,0.01670227,-0.05906248,-0.00535682,-0.05875603,-0.09550837
0.77207088,0.15557097,0.0925963,0.0313528,0.07029544,0.02623282,-0.05014462,-0.00900133,-0.04226061,-0.11438121
0.78833699,0.16508447,0.0896732,0.02844957,0.08626123,0.02003321,-0.04045192,-0.01627805,-0.05074675,-0.12129796
0.80187231,0.18203861,0.10411354,0.04748821,0.08115821,0.02343744,-0.05056277,-0.01424529,-0.0607898,-0.12067365
0.78533655,0.17649034,0.11483663,0.06239432,0.09403685,0.01021073,-0.06584141,-0.01734712,-0.0763886,-0.12651195
0.73112708,0.16344674,0.12659433,0.06750741,0.12731774,0.01390254,-0.07321275,-0.01587777,-0.09710098,-0.14316747
0.69481689,0.14746284,0.11139088,0.07839786,0.16694798,0.00916119,-0.06150122,-0.01820181,-0.11999173,-0.15009204
0.64217043,0.12176754,0.09313513,0.07309005,0.19184653,0.00319291,-0.04488743,-0.0173321,-0.14741689,-0.14098573
0.55177104,0.08920145,0.06118672,0.09227868,0.21269667,-0.00084963,-0.02863139,-0.01009766,-0.16436094,-0.12968069
0.43030483,0.05979143,0.01963727,0.10635396,0.22273099,-0.01433243,-0.01179717,-0.02357185,-0.19326253,-0.12034252
0.29124996,0.01867262,-0.0094753,0.11085647,0.24884193,-0.01982994,-0.01628881,-0.02460484,-0.20203339,-0.10930105
0.16465963,-0.01832075,-0.01774699,0.09836262,0.27783528,-0.00502352,-0.02868484,-0.00937771,-0.2159649,-0.09317152
0.0270232,-0.03895963,-0.00983561,0.08472105,0.29990745,0.0029141,-0.04954703,0.01421313,-0.22448084,-0.08993208
-0.14300874,-0.04696858,-0.0103749,0.04654471,0.32287598,-0.0116904,-0.05067502,0.02938454,-0.24489468,-0.06785808
-0.29451373,-0.04573676,-0.02347325,0.01724551,0.33714932,-0.01738319,-0.05668385,0.03399143,-0.25454545,-0.05252939
-0.42779133,-0.06441981,-0.04015096,-0.01714735,0.34366181,-0.03795156,-0.0387117,0.02515054,-0.26438263,-0.05956078
-0.56202507,-0.04682881,-0.07477772,-0.05191957,0.34524718,-0.05059523,-0.02166252,0.01750794,-0.25481731,-0.06287982
-0.62812817,-0.01996665,-0.11288708,-0.07253186,0.31069267,-0.05446476,-0.00689374,0.00692977,-0.23264256,-0.08469915
-0.6887604,-0.01693899,-0.15048848,-0.09926086,0.26908368,-0.04454182,0.0072999,0.00944249,-0.20960127,-0.09022531
-0.72198963,-0.01921069,-0.18659884,-0.12483969,0.22837941,-0.05425805,0.00852631,0.01413901,-0.18075709,-0.09570637
-0.71667647,-0.02701065,-0.18611065,-0.1432939,0.19708206,-0.06302962,0.02455494,0.02348717,-0.17317168,-0.08989152
-0.68398464,-0.00880044,-0.195417,-0.1662505,0.161483,-0.08210848,0.01664811,0.03796253,-0.14806624,-0.07579519
-0.64514166,0.0083807,-0.19995908,-0.17555189,0.12142997,-0.08600938,0.0111609,0.04550968,-0.12431632,-0.07138208
-0.62639099,0.02838908,-0.21097614,-0.17209429,0.07965817,-0.08708055,0.00922205,0.05506,-0.08303977,-0.05803517
-0.59744084,0.02696093,-0.22706488,-0.15873434,0.04804904,-0.07082467,0.02016391,0.05306451,-0.05221304,-0.05386493
-0.53493267,0.02013337,-0.2286032,-0.12642479,0.00477871,-0.05944156,0.01682246,0.06037211,-0.02975136,-0.05890965
-0.46838269,0.01384432,-0.21541506,-0.12783279,-0.00359053,-0.03890122,0.02928027,0.06876384,-0.0080876,-0.06542386
-0.38137117,-0.00109435,-0.21740775,-0.11799201,-0.0090753,0.0046308,0.0368245,0.08956225,0.02142746,-0.06870604
-0.31502685,-0.03722617,-0.20478597,-0.10354939,-0.03237936,0.02270673,0.04469332,0.1149023,0.04957696,-0.07348035
-0.23649047,-0.06400499,-0.18825331,-0.0972456,-0.01390456,0.02205213,0.03820893,0.15068507,0.06681746,-0.05621692
-0.18072087,-0.0773903,-0.174264,-0.08116594,-0.00820853,0.02867112,0.01778477,0.15930168,0.09658631,-0.05550887
-0.12937322,-0.08962838,-0.14466077,-0.06731107,-0.01001375,0.05778064,0.00239848,0.16979197,0.11305024,-0.05597894
-0.09649334,-0.07958762,-0.12124214,-0.07009509,-0.01602979,0.08240373,-0.01485747,0.17192379,0.13093837,-0.05544334
-0.06388208,-0.0928314,-0.09663354,-0.0662824,-0.02499768,0.10743082,-0.01551654,0.18055837,0.13961022,-0.04569593
-0.03996542,-0.11786678,-0.0561531,-0.06810599,-0.02551415,0.12104586,-0.02394508,0.17629917,0.15422976,-0.02981283
0.01088793,-0.1458239,-0.04566131,-0.06960081,-0.02246531,0.11544885,-0.03116783,0.17149261,0.14380866,-0.01896865
0.04357783,-0.17022522,-0.02532424,-0.07634143,-0.03594998,0.10164484,-0.03896481,0.15429886,0.13707422,-0.01425127
0.07460779,-0.20390846,-0.01864442,-0.06663648,-0.0354176,0.10378687,-0.03155438,0.13212083,0.14189236,-0.00952489
0.09785961,-0.23183849,0.00669658,-0.05696585,-0.04710896,0.10605043,-0.0389921,0.11277039,0.14900286,-0.01011534
0.1227733,-0.23780282,0.04128849,-0.05981888,-0.04730169,0.10351834,-0.0539188,0.10836663,0.13570766,-0.00269701
0.13896438,-0.25230572,0.0741296,-0.06525781,-0.03404715,0.11333065,-0.07443853,0.09134327,0.12095691,0.02175028
0.1430735,-0.27971876,0.0945555,-0.06584085,-0.0591155,0.1222138,-0.09376824,0.0758749,0.10672581,0.03856634
0.14849445,-0.28866544,0.1309759,-0.06696927,-0.06853189,0.1176912,-0.11043066,0.06933469,0.09059627,0.06080898
0.15334207,-0.28684691,0.16507965,-0.04592498,-0.06033804,0.08833002,-0.10480271,0.05213731,0.07633567,0.06889283
0.17633021,-0.277841,0.17723298,-0.01385793,-0.06047534,0.07048327,-0.08816011,0.03096525,0.07282901,0.05974247
0.20460916,-0.26064301,0.22666328,-0.00603475,-0.03375018,0.05015755,-0.0773695,0.00505166,0.07746578,0.030841
0.25211424,-0.22553378,0.21970922,0.01901084,-0.02419397,0.02560498,-0.0481155,0.00019439,0.06232576,0.00598917
0.27673915,-0.19873175,0.23311572,0.04558986,-0.01777541,0.02332187,-0.02836166,0.00045169,0.05361097,-0.00575412
0.30133146,-0.17246817,0.23828597,0.06077746,-0.00133346,0.02760687,-0.02128876,-0.00235648,0.04997586,-0.01521424
0.35025427,-0.14799218,0.24792074,0.06488656,0.00101321,0.02217802,-0.0156406,0.01131341,0.05746499,-0.02920271
0.39724901,-0.12776829,0.23926885,0.08489444,-0.02496219,0.00336875,-0.00501836,0.02314946,0.05843482,-0.02617799
0.44102129,-0.10209853,0.24095854,0.10649779,-0.0471059,-0.01372406,-0.00319912,0.03130606,0.06330693,-0.02755713
0.48175496,-0.0501123,0.24189207,0.12978365,-0.04728179,-0.01822753,0.00195897,0.0353436,0.06034936,-0.04467141
0.53209925,-0.01179657,0.23692428,0.14209512,-0.02810476,-0.01462648,0.02061897,0.04450067,0.0710131,-0.05103734
0.58026612,0.02257019,0.20462057,0.15544893,-0.02218076,-0.0148014,0.03682267,0.06157592,0.07611054,-0.04825828
0.64070207,0.05139011,0.17714186,0.13998307,-0.01247932,0.00407134,0.03756321,0.08171662,0.08355197,-0.03198687
0.70077527,0.05368172,0.13845055,0.10322089,-0.00346488,0.01420122,0.01903457,0.10735951,0.08310769,-0.01484058
0.72975558,0.03747578,0.07398601,0.08183651,-0.00743304,0.02656105,0.00373339,0.14181726,0.07201298,0.00229493
0.73140162,-0.00211194,0.05191237,0.06030813,0.00143589,0.03758097,-0.00164065,0.15761103,0.05638244,0.01662072
0.72113121,-0.02585386,0.01885325,0.03826206,0.01454597,0.03743073,-0.008166,0.1607817,0.05289858,0.04051031
0.71737653,-0.05545458,-0.03493343,0.03751645,0.00634665,0.02652567,-0.01679562,0.18435968,0.03983701,0.06905583
0.69155306,-0.07805286,-0.06977803,0.02249337,0.00292209,0.01184084,-0.02992753,0.17909428,0.01822871,0.0934226
0.67187524,-0.09187271,-0.10388643,0.01275784,0.01793805,0.02525578,-0.04661515,0.17759584,0.01987056,0.09448258
0.64145982,-0.11351248,-0.1421479,0.00460963,0.01871273,0.02337464,-0.05997473,0.18110354,0.02552553,0.1012211
0.60535949,-0.15316103,-0.17005034,-0.00993147,0.01812358,0.03223766,-0.08878036,0.15877399,0.0374114,0.11711318
0.5900616,-0.17687047,-0.20258807,-0.01053001,-0.00194443,0.03503055,-0.10893986,0.11533071,0.03180723,0.12277015
0.58669406,-0.196117,-0.22332753,-0.0127344,9.016e-05,0.0418064,-0.1222298,0.08340715,0.01480157,0.1374113
0.57110858,-0.21170366,-0.24802186,-0.00792984,-0.02154552,0.03811607,-0.12086757,0.06419294,0.00993356,0.12459794
0.55716276,-0.21327738,-0.24885593,0.01628004,-0.03500115,0.02529065,-0.12055545,0.03521746,0.0056393,0.11348832
0.54472488,-0.21208896,-0.25342968,0.03750091,-0.04322663,0.02056332,-0.12076385,-0.01161558,0.00435627,0.10445867
0.54418314,-0.19177109,-0.25439051,0.05168806,-0.05199985,0.00729603,-0.13272665,-0.02847612,0.01711582,0.08891239
0.55081749,-0.18110836,-0.23725195,0.0582209,-0.06461462,0.00656509,-0.14370769,-0.04385881,0.03368818,0.06661563
0.55569851,-0.16198663,-0.20387273,0.06717067,-0.06322088,0.01519685,-0.14217514,-0.07100245,0.06011993,0.03207109
0.57288098,-0.13634849,-0.19269703,0.07443675,-0.05312927,0.03335739,-0.13073142,-0.09129949,0.09049435,0.01339584
0.56611949,-0.12332344,-0.16868837,0.06928255,-0.04773621,0.03616505,-0.13500616,-0.10315812,0.09252469,0.0130173
0.57707334,-0.12233245,-0.16050665,0.07499833,-0.03175145,0.01929301,-0.13618693,-0.11137652,0.09871892,0.01811963
0.55032557,-0.11336401,-0.15455766,0.07180485,-0.01904935,-0.01308794,-0.12717278,-0.08899759,0.11396101,0.02234723
0.51418871,-0.12057758,-0.139476,0.06539678,0.00776118,-0.04354154,-0.11910126,-0.05576346,0.13183124,0.02733453
0.47556046,-0.14861831,-0.12518048,0.06366963,0.00744185,-0.05756983,-0.1035581,-0.04846521,0.13062485,0.01945258
0.44682315,-0.1794004,-0.11185697,0.07059763,0.02991764,-0.06523883,-0.10250406,-0.05453474,0.13398269,0.01515047
0.4025231,-0.20230372,-0.09748369,0.08229958,0.04765473,-0.05600796,-0.07595538,-0.06220717,0.12436353,0.01227573
0.38490605,-0.21610777,-0.08498725,0.09422903,0.05256201,-0.0533998,-0.06006166,-0.06275354,0.12969111,0.01115707
0.37286264,-0.24738337,-0.07685523,0.10039262,0.04723228,-0.03512572,-0.05100019,-0.0790631,0.1262534,0.02520543
0.36956593,-0.28044772,-0.06687274,0.10193335,0.04697573,-0.02623894,-0.02335894,-0.08988705,0.11876147,0.01552871
0.37492388,-0.29570678,-0.06558224,0.09688149,0.05030571,-0.01965304,0.00293693,-0.10729571,0.1071225,0.02294722
0.38899106,-0.3000136,-0.03849684,0.10059229,0.04320202,-0.0193155,0.01181942,-0.10769126,0.0874174,0.02394251
0.4172551,-0.28970513,-0.03362373,0.11050392,0.03620489,-0.01828321,0.04505299,-0.08815382,0.10131625,0.02722813
0.43735403,-0.26020563,-0.00707453,0.12491449,0.02377454,-0.00094418,0.07584734,-0.09075189,0.10408263,0.00918795
0.44029903,-0.23840356,0.02433772,0.12698445,0.01909798,0.02144409,0.11026202,-0.1133901,0.09713324,0.00902698
0.4670777,-0.22808413,0.04454623,0.12532385,0.00502023,0.06137658,0.11762121,-0.12458693,0.07847246,0.01097546
0.48543313,-0.2264016,0.0441624,0.11652436,-0.00064728,0.08432084,0.12433267,-0.11467371,0.08526623,0.01408354
0.47415942,-0.22432615,0.04906576,0.10977206,-0.0059232,0.10380539,0.12000705,-0.09299888,0.08624168,0.0112924
0.46032631,-0.23068976,0.03744899,0.1103639,-0.00683578,0.12432658,0.10910407,-0.05395777,0.10779147,0.01190681
0.4443782,-0.23234509,0.03955726,0.11037718,0.00015831,0.12645878,0.10869661,-0.02542846,0.09668753,0.01119939
0.41931045,-0.20946439,0.02255859,0.10538317,0.00403133,0.11664775,0.1084348,0.00356542,0.08861258,0.00927459
0.37021908,-0.18131748,0.00548108,0.10997427,0.01681559,0.09631092,0.0939263,0.01914043,0.08920589,0.01691584
0.31587884,-0.179837,-0.00968278,0.09885554,0.02596142,0.06974865,0.07890374,0.04038721,0.09221595,0.01886144
0.22013813,-0.17708753,-0.03164262,0.09016787,0.04033748,0.05278696,0.07314585,0.05410881,0.09418341,0.01953664
0.12422346,-0.18559092,-0.06306455,0.07206471,0.0529223,0.03191485,0.05536268,0.04739831,0.07704072,0.01697423
0.04445641,-0.2232994,-0.11270749,0.0418847,0.05427462,0.0093767,0.05102961,0.05092079,0.04093443,0.02112735
-0.04820167,-0.24162491,-0.136806,0.01648943,0.0339561,-0.00703897,0.03713647,0.06794166,0.01848668,0.00121577
-0.11210252,-0.24794796,-0.17003246,-0.00786198,0.02280116,-0.01037855,0.04793523,0.06815258,0.00570206,-0.01114659
-0.16169977,-0.22240715,-0.17759691,-0.02880656,0.01476826,-0.02089726,0.04520266,0.0769139,0.00230359,-0.03238653
-0.20332134,-0.21100017,-0.18456823,-0.05141297,0.00778842,-0.03017894,0.05847912,0.08375838,-0.02140465,-0.02954216
-0.23896995,-0.21346772,-0.1971506,-0.08681246,-0.00635115,-0.06228961,0.07478926,0.06831037,-0.05706213,-0.01393439
-0.26976261,-0.21612319,-0.21527711,-0.11071581,-0.00278757,-0.0813802,0.09677967,0.06690094,-0.06914075,0.00566952
-0.28956681,-0.20867902,-0.22085135,-0.12911627,0.00959268,-0.08441989,0.1119964,0.07725165,-0.06770317,0.0080969
-0.28899121,-0.21683379,-0.23355451,-0.15365314,-0.00445351,-0.07506868,0.12278809,0.09002381,-0.06269082,0.00901252
-0.28512156,-0.21382764,-0.24732837,-0.16141115,-0.00211362,-0.06088791,0.13979283,0.10749904,-0.08113281,0.00769361
-0.25792152,-0.22534636,-0.26265994,-0.17054917,0.0067604,-0.05536386,0.16172308,0.13128342,-0.09010515,0.00745102
-0.24016529,-0.23220383,-0.25654837,-0.15747176,0.0061101,-0.01923782,0.16747771,0.1461062,-0.09331578,-0.00083757
-0.23915416,-0.22588009,-0.24638928,-0.14254032,0.01792705,0.02262587,0.16378927,0.16212362,-0.08308579,-0.00209895
-0.24388839,-0.23758489,-0.23537391,-0.1372055,0.03238627,0.03875632,0.16384763,0.17085893,-0.06623145,0.00570243
-0.23941883,-0.2481492,-0.22514087,-0.1172234,0.01915101,0.02329716,0.16481547,0.18755414,-0.05051351,0.00454004
-0.22427863,-0.24977484,-0.22874045,-0.09261097,-0.00163863,0.02997664,0.16441418,0.1806464,-0.05713439,0.00308896
-0.17733175,-0.24003172,-0.21831067,-0.0755638,-0.01741208,0.02422533,0.16001374,0.17599556,-0.0500066,-0.00427257
-0.10005186,-0.21286859,-0.2071732,-0.07480121,-0.03115197,0.02899046,0.14134443,0.17833337,-0.02129217,-0.01898783
-0.01140448,-0.17224139,-0.21852568,-0.09422576,-0.06418759,0.04219304,0.12003846,0.17171592,0.00335548,-0.03748617
0.09870348,-0.13024832,-0.21006562,-0.11107402,-0.11093704,0.03264819,0.11040695,0.14834964,0.02474016,-0.03796953
0.23843512,-0.06382013,-0.20077464,-0.12560697,-0.14392683,0.00904693,0.11342534,0.11417004,0.01871506,-0.02765938
0.38045618,0.00968147,-0.17624696,-0.14413238,-0.17842685,0.0032697,0.10266914,0.0758346,0.02802154,-0.01856877
0.51854163,0.09537362,-0.16322117,-0.15492594,-0.21983021,-0.00373155,0.09555714,0.03259842,0.0442792,-0.0154655
0.67514902,0.17292385,-0.15354718,-0.17880923,-0.2563383,-0.03243968,0.09598365,-0.00929435,0.04789134,-0.01313608
0.83248699,0.27437553,-0.12890394,-0.21425065,-0.26008838,-0.06412391,0.08587655,-0.03971861,0.05511719,-0.00257882
0.96920228,0.3736375,-0.08930029,-0.24246125,-0.24989048,-0.08933712,0.0686565,-0.07791647,0.05288774,-0.00967493
1.11200821,0.45492345,-0.0554295,-0.26576245,-0.19143714,-0.10296377,0.04814947,-0.10003074,0.04483952,-0.02132439
1.20569408,0.52048802,-0.04160712,-0.28918388,-0.13228998,-0.11518393,0.04750079,-0.10219411,0.04945823,-0.03592713
1.24460709,0.60742915,-0.02805569,-0.30312529,-0.08292469,-0.11782098,0.04201797,-0.11184426,0.05542221,-0.04500416
1.25488317,0.69262046,-0.01204912,-0.30392295,-0.03194484,-0.11692182,0.02922296,-0.11008344,0.0564045,-0.05494358
1.19048667,0.73925072,0.01244823,-0.29018238,0.01403653,-0.10968002,-0.00293671,-0.11516469,0.04456338,-0.05739656
1.09531462,0.75643623,-0.00601996,-0.27898705,0.07426143,-0.08845606,-0.03729983,-0.11175176,0.03654737,-0.06345132
0.95605963,0.76590103,-0.02393701,-0.27734324,0.14229068,-0.05439699,-0.09563453,-0.08727199,0.03919102,-0.08207916
0.79965472,0.74147516,-0.04872766,-0.25859487,0.20470926,-0.04034787,-0.13799383,-0.05585517,0.0472424,-0.09957617
0.62725371,0.72258615,-0.05831321,-0.24427718,0.26060095,-0.03058056,-0.18887781,-0.01498686,0.04551876,-0.1070644
0.43572557,0.71253389,-0.08063836,-0.21443425,0.2970016,-0.04507789,-0.21187477,0.02206092,0.04138245,-0.10163462
0.24108192,0.67903739,-0.12591438,-0.15049997,0.29629415,-0.06747711,-0.22305119,0.03341047,0.05369511,-0.12106319
0.01397454,0.64531016,-0.18236218,-0.10766428,0.29858384,-0.09322501,-0.23220102,0.0623162,0.06995089,-0.11902213
-0.15939432,0.6344471,-0.23868759,-0.06544682,0.27516401,-0.11845949,-0.22006972,0.06447714,0.06967348,-0.11443069
-0.29979593,0.62138033,-0.23037224,-0.0398376,0.26189804,-0.15687838,-0.22489689,0.05707914,0.07672229,-0.10900851
-0.41625646,0.57754719,-0.22732989,-0.00815034,0.25096324,-0.17906794,-0.23218009,0.05379722,0.0727648,-0.08911928
-0.52547354,0.52286142,-0.22883599,0.03368606,0.21748506,-0.18452428,-0.21275263,0.04128788,0.07547577,-0.06545531
-0.58636653,0.49101526,-0.21573934,0.06861709,0.18760075,-0.18458311,-0.1908154,0.04853364,0.09226288,-0.05547275
-0.62426615,0.4724724,-0.18116672,0.08849657,0.16582152,-0.18382949,-0.16300137,0.04689575,0.09817234,-0.04429299
-0.64979649,0.44141012,-0.13904068,0.11986955,0.13582952,-0.18221335,-0.12112318,0.04472494,0.11068193,-0.0350883
-0.67421776,0.42371911,-0.10553329,0.14718755,0.11080658,-0.18180014,-0.08847322,0.04066572,0.11971916,-0.03543942
-0.68185395,0.3886601,-0.07925409,0.16385591,0.1069174,-0.17617686,-0.05475953,0.01885012,0.12148898,-0.02671355
-0.69490749,0.34844685,-0.03876967,0.15016629,0.13053431,-0.15063949,-0.03322015,-0.01603299,0.13670605,-0.03728197
-0.69206667,0.31633723,-0.00960189,0.12690386,0.1502855,-0.12076107,-0.00124343,-0.03321908,0.13614488,-0.03720177
-0.70202708,0.30028215,0.00823007,0.12752914,0.1549883,-0.08770821,0.0312794,-0.05534039,0.12553212,-0.02986697
-0.70886225,0.27476463,0.00257313,0.11711852,0.14207001,-0.05846836,0.0520822,-0.05917317,0.13261616,-0.02391074
-0.70942765,0.26157331,-0.02620681,0.11940878,0.11243073,-0.05174085,0.07719192,-0.05233455,0.13468745,-0.02019221
-0.6820327,0.26820958,-0.0630182,0.106486,0.08872131,-0.05117067,0.086643,-0.04696218,0.14094405,-0.01944383
-0.66837364,0.26520279,-0.07663238,0.08725334,0.08300462,-0.06558029,0.08540058,-0.0497471,0.12165462,-0.0207671
-0.64804977,0.23821938,-0.08637687,0.06805513,0.07878071,-0.07484166,0.0905406,-0.06880459,0.12190642,-0.01494548
-0.63113403,0.20295775,-0.08700507,0.06309372,0.07095134,-0.0708371,0.09642286,-0.07592481,0.12512065,-0.0175107
-0.60416955,0.17789866,-0.09827828,0.05300903,0.0785023,-0.07110935,0.10437181,-0.0840585,0.11416589,-0.01204672
-0.56782407,0.15870635,-0.10923183,0.02619793,0.07790077,-0.05932128,0.11076201,-0.08676329,0.10604611,0.00394989
-0.53780752,0.15614511,-0.10989496,0.01400996,0.06950785,-0.06064931,0.11007058,-0.08316514,0.09414349,0.00530992
-0.50626713,0.15496081,-0.1321369,0.04209141,0.05270485,-0.08288653,0.11003418,-0.04867783,0.09002097,0.01521927
-0.47845107,0.15533374,-0.14020702,0.05007119,0.03387964,-0.09495566,0.09643018,-0.04538782,0.08464323,0.02615608
-0.46300116,0.14954354,-0.14141312,0.0483368,0.01129161,-0.12560558,0.08182091,-0.03044276,0.08854643,0.03848607
-0.43202859,0.15017179,-0.12479915,0.06381467,0.00996935,-0.13736556,0.06377172,-0.02536175,0.0816714,0.04569653
-0.39612436,0.14884295,-0.10745155,0.07075348,0.01309426,-0.13543449,0.03804854,-0.02627615,0.07041329,0.05128936
-0.37894222,0.14169945,-0.09135052,0.08287285,0.01718526,-0.11868151,0.04049483,-0.03067168,0.06300035,0.0427171
-0.35498318,0.12994319,-0.08211037,0.1024395,0.03294496,-0.10856127,0.04054831,-0.03315584,0.05758674,0.02884775
-0.33424851,0.13475497,-0.07721609,0.11669376,0.05121198,-0.11225368,0.05483423,-0.02656042,0.04726464,0.02731775
-0.31550062,0.13563889,-0.07488737,0.13943569,0.06413318,-0.11802363,0.06354347,-0.02298912,0.04060198,0.03749269
-0.29509652,0.13298474,-0.07480162,0.16010515,0.06987344,-0.11951113,0.05903822,-0.01855665,0.03763526,0.04810715
-0.28603643,0.11463789,-0.07091105,0.18973041,0.07199968,-0.11104657,0.05502477,-0.02074574,0.03246263,0.04782558
-0.26874599,0.08955657,-0.07562787,0.21399698,0.06875415,-0.09643219,0.05919306,-0.01802462,0.03151482,0.04475681
-0.24629574,0.04913784,-0.06882575,0.20087814,0.06422714,-0.07579923,0.05448896,-0.03384607,0.02946527,0.04322963
-0.23287022,0.02577439,-0.04580678,0.18788172,0.06877626,-0.05612157,0.05514023,-0.03055661,0.03735801,0.0284542
-0.23173799,-9.125e-05,-0.00071225,0.17580774,0.07462091,-0.02833518,0.05327184,-0.01228287,0.042537,0.02512791
-0.20691626,-0.0276788,0.03483588,0.17542927,0.07311049,-0.00778965,0.06315798,0.00372612,0.03981657,0.03918227
-0.19257955,-0.04632035,0.04679649,0.18057412,0.07260661,0.02367717,0.06969177,0.00980091,0.06066166,0.05017725
-0.16650315,-0.08126942,0.05958619,0.17158359,0.0811416,0.03350734,0.06983566,0.03687553,0.07274667,0.06605593
-0.14030866,-0.0938632,0.06798416,0.16004759,0.06908919,0.05299344,0.07021749,0.06844465,0.09840025,0.07586298
-0.10782731,-0.09607496,0.08757183,0.15671487,0.06169296,0.04715259,0.07834894,0.09926707,0.09470604,0.07463859
-0.07687098,-0.09181956,0.11094911,0.1527582,0.05300511,0.04404868,0.08669011,0.12184957,0.08689534,0.06498083
-0.04854258,-0.08100758,0.13375594,0.151106,0.03022699,0.04711163,0.09341778,0.12762263,0.09252036,0.05681752
-0.00936772,-0.05371712,0.15951884,0.14788216,0.00910689,0.03071024,0.09599824,0.13624147,0.10431772,0.05225821
0.04078333,-0.02782316,0.18441981,0.14019926,-0.00656604,0.02175309,0.09768207,0.13462916,0.11797811,0.05919043
0.11708758,0.01314399,0.21375076,0.14351977,-0.01355279,0.00853421,0.10467806,0.13911061,0.11333895,0.06332033
0.19523099,0.03339854,0.2404463,0.14023198,-0.00153774,-0.0016626,0.10057144,0.14939229,0.11245671,0.08099005
0.23953293,0.05073986,0.26334351,0.1395873,0.01218451,-0.01295635,0.09234953,0.1385102,0.10935927,0.09465294
0.29304895,0.0454862,0.27310839,0.12508097,0.03999532,0.00243284,0.07947908,0.13780837,0.11069416,0.0826843
0.32632804,0.00704151,0.29157349,0.1107089,0.05634172,0.00171444,0.08428299,0.14775826,0.0963323,0.07447042
0.32754889,-0.00751711,0.28768072,0.11999572,0.06113389,-0.0064091,0.07994107,0.13787448,0.08236364,0.05655367
0.28930333,-0.03222403,0.28731871,0.12549342,0.07207236,-0.0058642,0.06545977,0.12872405,0.0672748,0.05322776
0.27070692,-0.06011234,0.27150047,0.12386442,0.07888928,0.01029476,0.04832491,0.12429488,0.05661827,0.04510215
0.25887176,-0.07074231,0.24326713,0.11928815,0.08638994,0.01305657,0.02973518,0.11548368,0.05344537,0.03784036
0.25040072,-0.08304846,0.20907471,0.11149899,0.09337389,0.00068939,0.02031578,0.09833365,0.04598005,0.03525858
0.23136838,-0.11014839,0.17660047,0.1023218,0.10353827,-0.02450507,0.01898066,0.09404805,0.03450271,0.03331935
0.21864288,-0.13267671,0.1421805,0.09686746,0.10046431,-0.03857318,0.02466035,0.09312315,0.01843087,0.02499819
0.20036314,-0.15450537,0.10625751,0.09818751,0.08998261,-0.02860815,0.02324205,0.07988748,0.01298481,0.01916794
0.17088652,-0.16767263,0.07806604,0.10739984,0.04193239,-0.03035718,0.01612917,0.0632754,-0.00714476,0.01370965
0.13405927,-0.16949196,0.05681672,0.10347648,0.01517803,-0.0274685,0.01241732,0.04716745,-0.02187089,0.00112356
0.1082061,-0.16455108,0.0359883,0.10390487,-0.01979668,-0.03797783,0.02603105,0.0458771,-0.05331111,0.00775189
0.09204921,-0.15081176,0.00343708,0.10486724,-0.03757126,-0.04823195,0.0244853,0.0351079,-0.07818526,0.01810033
0.09198472,-0.14101423,-0.00432485,0.0969895,-0.05258294,-0.05905337,0.02499781,0.02294356,-0.08020003,0.0308169
0.12056688,-0.14523606,-0.02794478,0.08849259,-0.06257229,-0.06817946,0.03686867,0.01420076,-0.08438455,0.03660621
0.13123889,-0.1457437,-0.03790404,0.08913633,-0.08325625,-0.0612074,0.03811827,0.01329935,-0.07112754,0.0472905
0.1374341,-0.1590409,-0.04551689,0.09859603,-0.0972063,-0.06932105,0.05045959,0.01456524,-0.07589462,0.05147516
0.13782561,-0.17615283,-0.02925714,0.11081075,-0.11431308,-0.0712235,0.05821653,0.03136224,-0.07570399,0.04545665
0.15950875,-0.18225537,-0.02176694,0.12294088,-0.13539849,-0.06114257,0.06380837,0.02984623,-0.0844358,0.04108065
0.16893069,-0.19301066,-0.01342632,0.1214619,-0.14706722,-0.0492101,0.06686208,0.03273359,-0.0826565,0.04256068
0.18138978,-0.18852207,-0.00847407,0.11958387,-0.15256923,-0.05799996,0.07586554,0.04739517,-0.07297877,0.03177211
0.18846792,-0.17966026,0.00093916,0.12466617,-0.13373992,-0.05676841,0.09482744,0.07650435,-0.07077025,0.03207892
0.16501491,-0.19233049,0.01402894,0.12502499,-0.13535237,-0.06270225,0.08241917,0.09939419,-0.05361674,0.03470559
0.16482407,-0.2105269,0.0221339,0.12148859,-0.12179587,-0.04646657,0.05893988,0.10094094,-0.02304084,0.01700585
0.179722,-0.21802531,0.03688142,0.11468724,-0.09648992,-0.01369748,0.05088901,0.12493446,-0.00759817,0.00333182
0.19635594,-0.22009981,0.04916959,0.11221155,-0.09916755,0.00847142,0.0428916,0.13079333,-0.00989702,-0.00737514
0.22055012,-0.19806828,0.06944102,0.10447688,-0.0948209,0.01151597,0.04775127,0.12871169,-0.02335238,-0.02969271
0.22472504,-0.18540086,0.07215703,0.10510201,-0.08063939,-0.00063762,0.0495464,0.12457747,-0.03567192,-0.04446511
0.21735951,-0.16426618,0.06632519,0.09173461,-0.08546422,-0.00219519,0.03120736,0.12384914,-0.04070363,-0.05153294
0.20171842,-0.14000887,0.05252733,0.08105095,-0.07759222,-0.00182301,0.02260243,0.12206738,-0.05054124,-0.05372404
0.16685352,-0.12091335,0.0397758,0.08549131,-0.06209607,0.01241074,0.02526473,0.13009487,-0.04464643,-0.04845524
0.10841323,-0.1047991,0.03693068,0.11668658,-0.05832603,0.00674643,0.01417965,0.14643116,-0.03931905,-0.05549536
0.03397693,-0.11392687,0.03644903,0.14021343,-0.03976642,0.00677418,0.00898929,0.16251639,-0.04003993,-0.04076896
-0.04868545,-0.14097309,-0.00828383,0.15473039,-0.03225866,0.01758997,0.00243748,0.15040955,-0.03780894,-0.03886803
-0.12806453,-0.11827743,-0.05366151,0.1715541,-0.04604622,0.00926461,0.00520894,0.1336554,-0.03861359,-0.03756097
-0.15622011,-0.07912084,-0.10286,0.18780713,-0.06678501,-0.016097,0.00459574,0.1307191,-0.03714964,-0.03789827
-0.19696157,-0.05204838,-0.13453574,0.2057384,-0.10347459,-0.0477844,-0.00185611,0.12039442,-0.02908943,-0.03382725
-0.23459291,-0.04689711,-0.15422161,0.2249766,-0.12400775,-0.06568093,-0.00737115,0.12692069,-0.02346072,-0.01720213
-0.2622011,-0.03590034,-0.16214934,0.24793601,-0.14019153,-0.06048862,-0.02418735,0.1368518,-0.01153708,0.0024748
-0.27337041,-0.03131402,-0.15715225,0.2465598,-0.15507394,-0.0432335,-0.03227451,0.12777802,-0.01515643,0.01507338
-0.25634637,-0.03712589,-0.15158983,0.24892068,-0.15259218,-0.03154286,-0.022669,0.10727677,-0.00876865,0.03923129
-0.22889665,-0.03843879,-0.14182164,0.25084457,-0.16114406,-0.01795295,-0.01983014,0.09004196,0.01202074,0.04693089
-0.17506444,-0.02159522,-0.13246199,0.23623712,-0.17874885,-0.0173726,-0.01910416,0.07065345,0.01699674,0.05247219
-0.08850449,-0.01193943,-0.1306458,0.21477939,-0.1930099,-0.01521704,-0.0045116,0.03211946,0.020301,0.05239464
-0.00160749,0.00842419,-0.11606649,0.18189532,-0.21094267,-0.00156462,-0.00468973,0.00212211,0.02170932,0.02765271
0.09673331,0.04838124,-0.07043808,0.16564061,-0.21647431,-0.00928534,-0.00422769,-0.01524446,0.02711092,0.01639446
0.14716963,0.06563613,-0.01233339,0.1542836,-0.20092307,-0.01627919,-0.00285804,-0.01804614,0.03427901,0.00684893
0.18612351,0.06297387,0.03173747,0.15627673,-0.18151039,-0.00020431,0.01012146,-0.0269238,0.03912957,-0.00088071
0.21135029,0.04129983,0.05827396,0.16244754,-0.16720876,0.00947377,0.0326241,-0.04018749,0.05628378,-0.00683048
0.23303695,0.04019109,0.06565176,0.16416538,-0.15335885,0.01487753,0.05415682,-0.05007045,0.06665149,-0.03132268
0.21589871,0.02826778,0.07665801,0.16800942,-0.14584096,0.00437998,0.08022188,-0.0611705,0.06411342,-0.0395844
0.19840968,0.02119127,0.08680627,0.18052316,-0.12192115,-0.015493,0.08924359,-0.06298417,0.05029314,-0.04506548
0.15681288,0.0273124,0.09087569,0.1991529,-0.10897428,-0.02672564,0.0913789,-0.06227424,0.04394473,-0.06890722
0.0968173,0.01541962,0.087527,0.21158445,-0.0853541,-0.04003838,0.10082435,-0.06419805,0.0264293,-0.07727449
0.00466134,-0.01139435,0.0948425,0.21314025,-0.05455817,-0.04241416,0.10221563,-0.06285773,0.0165791,-0.07889148
-0.1175051,-0.02845889,0.10036036,0.20862043,-0.01800482,-0.04199883,0.09467536,-0.04599184,0.00846264,-0.07169501
-0.24096289,-0.04075235,0.10079519,0.21020211,0.01050649,-0.04611454,0.087373,-0.0525148,-0.00050694,-0.05390539
-0.36493886,-0.06141354,0.08763791,0.19183393,0.03457694,-0.04947882,0.09013343,-0.05686938,0.00018498,-0.05087618
-0.49584836,-0.05787705,0.07539186,0.16817452,0.06084308,-0.05729439,0.08380758,-0.07289302,0.00644891,-0.05934266
-0.57197005,-0.0431367,0.04808484,0.15071504,0.05439514,-0.07650984,0.09208911,-0.08255784,0.00041186,-0.04686441
-0.62177813,-0.00164491,0.02317099,0.12402773,0.03609994,-0.09684832,0.09300821,-0.08024537,-0.03258554,-0.0379186
-0.66495979,0.04640465,0.01238749,0.10455373,0.0298271,-0.1056522,0.09173651,-0.0908783,-0.04509249,-0.01743928
-0.66278762,0.0912992,-0.00458063,0.0868452,0.01199219,-0.1018632,0.0892228,-0.11407993,-0.03922522,-0.01085594
-0.66034847,0.13796122,-0.0210892,0.07225548,-0.01528141,-0.09599312,0.09232683,-0.1338132,-0.01500043,-0.00627426
-0.64263189,0.16865592,-0.03224293,0.0410503,-0.03685564,-0.09124416,0.09635614,-0.13983628,-0.00409113,0.00717323
-0.60970157,0.22815938,-0.03141906,0.02448179,-0.05288084,-0.08745573,0.09445014,-0.13726376,-0.0036924,0.0237891
-0.57046527,0.28773981,-0.03341797,0.0066438,-0.05366439,-0.07781389,0.08965623,-0.13308008,-0.0013636,0.02181134
-0.51752222,0.33168334,-0.03605101,-0.00152624,-0.0586794,-0.07648901,0.08249761,-0.14071433,-0.0150001,0.02349539
-0.46628919,0.36758348,-0.04204562,-0.00286678,-0.07066976,-0.08591965,0.07414632,-0.13103388,-0.02789421,0.03663721
-0.43917182,0.39405391,-0.0614632,0.00531754,-0.096031,-0.0804552,0.05248349,-0.11916391,-0.05101692,0.05634176
-0.42181122,0.39891174,-0.06472839,0.01096205,-0.12467217,-0.06593655,0.0424246,-0.10501169,-0.07011934,0.07694654
-0.3755556,0.39049459,-0.05412978,0.02359293,-0.11811705,-0.0523901,0.02488404,-0.0950062,-0.08307845,0.0901323
-0.35221565,0.37296095,-0.03294529,0.04061757,-0.07938312,-0.03499237,-0.0009416,-0.08756303,-0.07766233,0.10124692
-0.30429381,0.35329372,-0.02569973,0.04940467,-0.0625066,-0.02883073,-0.02156113,-0.07716622,-0.07920401,0.10580184
-0.26489356,0.31915957,-0.0243786,0.05743755,-0.05368752,-0.02547015,-0.02980496,-0.04598824,-0.0963279,0.10757469
-0.21748158,0.28339985,-0.02518494,0.04804718,-0.05041279,-0.02623416,-0.036946,-0.02896165,-0.11476585,0.10413946
-0.17675038,0.25432879,-0.02875273,0.04919592,-0.04524492,-0.03233345,-0.05064028,-0.01766303,-0.11861441,0.10123257
-0.14130449,0.20719038,-0.0405422,0.0479536,-0.03384752,-0.04113263,-0.06318111,-0.00204822,-0.11778702,0.0941362
-0.08138329,0.15147497,-0.05603845,0.05904088,-0.04101149,-0.05539252,-0.07120916,0.01065787,-0.12066427,0.10086454
-0.01575511,0.10393507,-0.047557,0.06596899,-0.04859181,-0.04918039,-0.06937954,0.02112234,-0.11526733,0.0978405
0.07148155,0.06892701,-0.03631311,0.08102435,-0.04783354,-0.02736695,-0.05448262,0.03416575,-0.08616552,0.07351161
0.17133158,0.04900032,0.00153986,0.08138628,-0.03263127,-0.02195954,-0.03901609,0.03058585,-0.05392838,0.04898983
0.24275993,0.02046564,0.05664092,0.08682125,-0.01993257,-0.03751962,-0.04534964,0.04229831,-0.0310582,0.04303848
0.31225437,-0.00307112,0.1110622,0.0732449,-0.00395291,-0.01356045,-0.0526621,0.04713067,-0.00552121,0.02136306
0.37268764,-0.01624126,0.15582675,0.05981502,0.00395703,0.00234261,-0.0534814,0.04971719,0.0086176,0.00761955
0.3917315,-0.02624422,0.19690618,0.04831972,0.00861034,0.02155642,-0.05958053,0.06375497,0.01846463,0.0014733
0.38041195,-0.02591614,0.22819746,0.03977321,0.03071106,0.03232316,-0.07879651,0.06975526,0.02622106,-0.00441806
0.32085493,-0.01759483,0.25440478,0.05044579,0.04520064,0.03886946,-0.10183719,0.08863344,0.02367369,-0.00585985
0.24315168,-0.01554893,0.28935188,0.06075711,0.07559928,0.04581983,-0.11838995,0.1028174,0.0025421,-0.00865708
0.14046094,0.00066256,0.32136142,0.06110808,0.09212428,0.06267324,-0.13938361,0.10399662,-0.00393448,-0.01228524
0.01106037,0.03466834,0.34326765,0.05589392,0.1068947,0.07479305,-0.16072918,0.108432,-0.01003835,-0.01484254
-0.12849715,0.07096546,0.34342387,0.03892577,0.13966586,0.08673019,-0.17106688,0.11279554,-0.01951206,-0.01603066
-0.2727513,0.09637656,0.32872084,0.00629519,0.16175404,0.09049673,-0.17476144,0.11300917,-0.02514023,-0.01704625
-0.4316915,0.11296679,0.31241381,-0.02374945,0.174714,0.09385885,-0.17797604,0.12305503,-0.02767264,-0.02432208
-0.60024071,0.14356841,0.28230682,-0.07215225,0.14446303,0.10201711,-0.17995109,0.11376788,-0.03149075,-0.04758878
-0.71170753,0.17279872,0.2357107,-0.10852284,0.09737431,0.09516909,-0.1579667,0.12303792,-0.03927305,-0.07262472
-0.79857415,0.17848869,0.19212255,-0.12920906,0.03724418,0.10313725,-0.1308326,0.11109043,-0.05224917,-0.08496891
-0.85935092,0.18639031,0.15591,-0.15830761,-0.01223635,0.1072008,-0.0880906,0.10167874,-0.06913333,-0.09653047
-0.89602667,0.19729729,0.13958301,-0.16797875,-0.04836556,0.10086054,-0.06115403,0.08499951,-0.0665017,-0.10375874
-0.90284681,0.2220016,0.13933614,-0.17452121,-0.08168183,0.09825754,-0.03109476,0.0650337,-0.05463936,-0.10504254
-0.88703287,0.25197643,0.14314263,-0.17315437,-0.13150671,0.1132454,-0.00606374,0.05193425,-0.03563541,-0.11424087
-0.86057204,0.26396671,0.15123221,-0.17942668,-0.16420224,0.12829639,0.01982998,0.03646183,-0.02583956,-0.1198679
-0.81333941,0.25839689,0.1574859,-0.17191884,-0.18581517,0.14608175,0.05422197,0.01720226,-0.02488536,-0.11935959
-0.77586794,0.24546619,0.15880632,-0.16817296,-0.20926826,0.14975442,0.07946828,0.00702473,-0.02294968,-0.1215522
-0.74264652,0.24533723,0.17054534,-0.16874081,-0.21837035,0.15423393,0.08652497,-0.00988744,-0.04780056,-0.10636448
-0.72015339,0.26425686,0.1755618,-0.16156103,-0.21918364,0.15348281,0.1102202,-0.01077069,-0.069383,-0.07820218
-0.69234926,0.27886447,0.17103447,-0.12883,-0.18251605,0.14302796,0.13507211,-0.00851339,-0.06596105,-0.05167322
-0.63520068,0.28609434,0.14622976,-0.08956753,-0.14040567,0.14014094,0.15351602,-0.02582609,-0.07668109,-0.02481782
-0.58170837,0.31871784,0.11889056,-0.05182271,-0.10112102,0.12577756,0.16668056,-0.02617724,-0.07635687,-0.0133448
-0.5310747,0.3362906,0.09901518,-0.02070141,-0.04654063,0.12489794,0.17201993,-0.02617275,-0.07235298,-0.00515155
-0.49542591,0.35153529,0.07887585,-0.00166627,-0.01857187,0.12336204,0.18383346,-0.0190396,-0.06546583,0.00224604
-0.43861398,0.36415523,0.04590475,0.01415736,0.00357161,0.13053453,0.20488466,-0.02330172,-0.05878598,0.0089582
-0.37828809,0.37988731,0.02598868,0.02238816,0.03009968,0.12751651,0.20883098,-0.02631885,-0.05295795,0.02488904
-0.31471455,0.39210555,0.02168822,0.04917794,0.02482596,0.1293807,0.21574485,-0.02846113,-0.04603331,0.01508577
-0.25751081,0.39824852,0.02461477,0.06613833,0.02222351,0.13502309,0.22108696,-0.02301908,-0.02889047,0.01307089
-0.19104448,0.39655218,0.02474149,0.093174,0.00695207,0.14318414,0.23036034,-0.01631107,-0.01541976,0.01077893
-0.11445786,0.37873015,0.01219175,0.1256779,-0.00464571,0.13864587,0.23920909,-0.00116937,0.00475746,0.01401722
-0.068112,0.34609124,0.0057899,0.14015967,-0.00618864,0.15171197,0.23487502,-0.02149654,0.01889043,0.01278448
-0.06981277,0.32952991,0.02034011,0.15528315,-0.00676626,0.16353358,0.22167006,-0.01850156,0.0322255,0.00272045
-0.04102074,0.31344137,0.04044789,0.17085068,0.00317694,0.17101952,0.21681193,-0.0004395,0.02921929,-0.00082006
-0.03259368,0.30359355,0.05609396,0.17339335,0.01061284,0.16454837,0.20044668,0.00981112,0.04401629,-0.00908026
-0.03641732,0.27557749,0.0690304,0.18343389,0.01637883,0.15154672,0.17544489,0.01938441,0.05568405,-0.01256312
-0.03663667,0.22412485,0.0600528,0.17993833,0.02904501,0.14785832,0.14921409,0.02661112,0.05307192,-0.01257292
-0.07515223,0.15630023,0.06480925,0.1898011,0.04720095,0.13956299,0.1146833,0.0340161,0.05234883,-0.01492817
-0.11857638,0.08070137,0.0480019,0.19220182,0.05887012,0.12820274,0.10474131,0.03404216,0.04024698,-0.01484856
-0.16133222,0.02406575,0.02844573,0.18883421,0.0832769,0.10431707,0.09977911,0.02872093,0.01851532,0.0035116
-0.18876734,-0.01729888,0.01108548,0.18000697,0.09133174,0.08358974,0.09423611,0.02241219,-0.01594596,-0.00655046
-0.20527837,-0.03590894,0.00201132,0.16123797,0.09866835,0.07723784,0.08591744,0.021263,-0.03052506,-0.00728251
-0.22168593,-0.04426151,0.02029779,0.135975,0.1092516,0.08824243,0.08125392,0.01037829,-0.04648272,-0.01388169
-0.22817919,-0.02772319,0.02857901,0.11558919,0.08966819,0.08512,0.08296047,0.01763918,-0.05834202,-0.01655307
-0.24999401,-0.03534808,0.03870779,0.08359512,0.06604283,0.07297461,0.07989335,0.0221296,-0.07033391,0.00504177
-0.27192926,-0.0733356,0.04444528,0.0579377,0.03092644,0.06951625,0.06770583,0.01897313,-0.04984565,0.01422513
-0.25824639,-0.12372813,0.0546124,0.00975293,0.00277216,0.09000593,0.05909421,0.01175642,-0.05394355,0.03133124
-0.24741533,-0.13715804,0.07361162,-0.027585,-0.00577647,0.10526399,0.05836102,-0.00528365,-0.06824307,0.04074516
-0.21844698,-0.12871805,0.09693252,-0.06448618,-0.02193513,0.11603987,0.05929897,-0.01347409,-0.07077272,0.036473
-0.16396588,-0.1080789,0.11300599,-0.11804529,-0.03282546,0.11097929,0.0648046,-0.01771426,-0.08610792,0.04306787
-0.11096643,-0.0874851,0.12172708,-0.15472063,-0.04082249,0.09390585,0.06113743,-0.03384443,-0.09084988,0.05127627
-0.07669263,-0.07980933,0.11245508,-0.19244918,-0.04794327,0.08509327,0.07053996,-0.04924567,-0.07991695,0.05801486
-0.05575943,-0.08328222,0.11219481,-0.21790063,-0.05278599,0.07297918,0.07756788,-0.06668121,-0.06299686,0.06769832
-0.02319263,-0.09333378,0.1135438,-0.24042803,-0.05889401,0.05268452,0.08714648,-0.08860148,-0.07738698,0.07256637
0.03429627,-0.09751324,0.09858319,-0.2527726,-0.06929531,0.02445734,0.09265768,-0.09124023,-0.08465254,0.06976268
0.08407658,-0.11741013,0.0954219,-0.26958531,-0.05472902,0.02335967,0.08729044,-0.09941006,-0.09922782,0.07753705
0.11174232,-0.14013645,0.10028385,-0.2787357,-0.03729963,0.0254071,0.06973184,-0.11767344,-0.09339317,0.0920057
0.17592445,-0.17112103,0.08716072,-0.28551802,-0.02898725,0.03245491,0.06893876,-0.10498266,-0.09100569,0.1130563
0.21044692,-0.19015075,0.08512281,-0.28765768,-0.00847506,0.03990538,0.06076979,-0.08126204,-0.08470275,0.13828136
0.2648395,-0.21236931,0.06658629,-0.29131776,-0.02330247,0.04225366,0.05074961,-0.07272565,-0.06504681,0.15152764
0.30916363,-0.21243219,0.06671377,-0.28249928,-0.01821579,0.03377415,0.03768968,-0.08322109,-0.05253765,0.17800115
0.35339323,-0.21616271,0.06457766,-0.28737921,-0.02135193,0.02498373,0.01871906,-0.08952492,-0.04137269,0.18533875
0.41958472,-0.2090643,0.05913691,-0.31038955,-0.02484261,0.02201485,0.03004544,-0.08115788,-0.05271114,0.18891683
0.51204956,-0.2096857,0.05812363,-0.32978937,-0.02475441,0.0018931,0.02182266,-0.07757825,-0.06745916,0.1769971
0.62383145,-0.19024295,0.03693821,-0.35179052,-0.01530313,-0.00466269,0.02546318,-0.06780107,-0.08380216,0.16179241
0.72192013,-0.17475463,0.03558207,-0.37441096,0.00202168,0.00281989,0.01700205,-0.06721894,-0.06306376,0.14729711
0.79258919,-0.15310496,0.04876354,-0.37754747,0.00712893,-0.00068377,0.01087919,-0.05742471,-0.03483962,0.14654987
0.85365009,-0.11541692,0.07115672,-0.37314013,0.01124815,-0.01284037,0.00861534,-0.06189318,-0.0173992,0.14536402
0.89745384,-0.05064475,0.08908138,-0.35253844,0.0164813,-0.03106022,-0.00025453,-0.05624863,-0.01206716,0.12608273
0.95051789,0.01292561,0.10769303,-0.33254609,0.03765612,-0.04571512,-0.00826914,-0.05595736,-0.02024383,0.11953947
0.99779987,0.05908731,0.11331633,-0.30616561,0.0584288,-0.05168926,-0.01267686,-0.05542083,-0.03378639,0.10049375
1.00585008,0.09162102,0.12571725,-0.28261223,0.10442483,-0.05541513,-0.01485166,-0.04594456,-0.04756342,0.09239778
0.98761606,0.09136117,0.11348264,-0.26209232,0.13949439,-0.05259039,-0.0159342,-0.02732821,-0.05557444,0.06801254
0.95078671,0.08479528,0.07137406,-0.22786468,0.17536665,-0.04745929,-0.00697515,-0.00793665,-0.05631687,0.05459798
0.8663522,0.06675322,0.03863895,-0.17794982,0.21986778,-0.03604739,-0.01551907,0.00131913,-0.03635889,0.03372618
0.76480544,0.056222,0.00452925,-0.13440292,0.24093129,-0.00220328,-0.03483651,0.02460956,-0.01939001,0.02271846
0.64330661,0.03365644,-0.01283549,-0.08464112,0.23927322,0.00784568,-0.06357311,0.05229769,-0.00534079,0.0323741
0.49856541,0.03590666,-0.06118139,-0.01673808,0.22199611,-0.00386608,-0.08440907,0.07150672,0.00205164,0.04455974
0.36120591,0.02724818,-0.12448282,0.02264931,0.22051027,0.00011899,-0.10070921,0.06675799,0.00602693,0.05042183
0.23663749,0.01091378,-0.18468124,0.05988687,0.20691012,0.00166137,-0.1119686,0.05660847,0.0123744,0.05148995
0.09196238,-0.01330817,-0.22455281,0.077515,0.16906279,-0.01621499,-0.13050471,0.04614734,0.00848291,0.05324513
0.01812327,-0.02062418,-0.26825902,0.09098738,0.11580732,-0.01792776,-0.13923073,0.02503,0.0027314,0.03841295
-0.04188127,-0.03009621,-0.31063715,0.10244057,0.04650278,-0.04512462,-0.13910696,0.01280807,0.00483382,0.03556746
-0.07795323,-0.03025907,-0.34703678,0.11543555,-0.03344109,-0.07956674,-0.13247304,0.00713925,-0.00760138,0.0225138
-0.09249865,-0.02228664,-0.36515781,0.13371797,-0.08663338,-0.09614733,-0.12579961,0.00127361,-0.01990431,0.0157789
-0.11152311,-0.03020884,-0.34291273,0.15013891,-0.1265206,-0.10206196,-0.12105506,-0.01337746,-0.03164149,0.00750078
-0.10965109,-0.02895702,-0.31496388,0.15384842,-0.16114321,-0.1208994,-0.1281199,-0.03837972,-0.04977465,0.02026785
-0.10811701,-0.02671394,-0.28122947,0.15790576,-0.17919675,-0.15450446,-0.12837142,-0.06281541,-0.06638109,0.02071753
-0.11164109,-0.01889363,-0.245689,0.15326974,-0.17002234,-0.17162202,-0.11740851,-0.08732167,-0.08259507,0.01000465
-0.09251885,-0.03473369,-0.20258851,0.13515906,-0.1582621,-0.17476702,-0.12551042,-0.10275316,-0.10534984,-0.0050448
-0.09388796,-0.06937683,-0.17593658,0.10420084,-0.14729965,-0.16340405,-0.12905151,-0.12149619,-0.12054324,-0.01378937
-0.12453786,-0.10431945,-0.1634863,0.07110225,-0.13013466,-0.1428086,-0.13926056,-0.13616815,-0.11245418,-0.00619487
-0.17425823,-0.14149873,-0.14568248,0.03554233,-0.0978332,-0.13243559,-0.13981649,-0.1437258,-0.0895206,0.00323777
-0.21138872,-0.18273357,-0.12165205,0.0101677,-0.08014854,-0.13190514,-0.153575,-0.16274151,-0.07484984,-0.00255158
-0.2574465,-0.21362358,-0.09983159,-0.01996999,-0.05228782,-0.13390695,-0.16776659,-0.16238436,-0.05685923,-0.00582731
-0.28819486,-0.25436294,-0.07467228,-0.05643536,-0.02481865,-0.11347637,-0.19425018,-0.15940982,-0.02099609,-0.00883321
-0.30264008,-0.27522555,-0.05477506,-0.08959469,-0.01767797,-0.10519128,-0.21830963,-0.15764177,0.00338786,0.00329002
-0.31650493,-0.28377229,-0.04354817,-0.11067969,-0.02948998,-0.09753929,-0.23550549,-0.15647411,0.02304078,0.00929721
-0.30526873,-0.28866705,-0.03926765,-0.13196996,-0.04699974,-0.0671674,-0.22680496,-0.14109737,0.05039909,0.00545829
-0.29170349,-0.30736294,-0.03703743,-0.14312877,-0.05867743,-0.03699872,-0.21738723,-0.12194735,0.07035932,0.01885643
-0.25198072,-0.32080859,-0.03467736,-0.14698023,-0.09189802,-0.01729479,-0.21371248,-0.11693238,0.0935459,0.03274829
-0.20775421,-0.32386985,-0.02471682,-0.14241238,-0.11956359,0.004544,-0.19461893,-0.10892574,0.10852707,0.03315985
-0.14293656,-0.30349031,0.0008002,-0.11763036,-0.15298758,-0.00609911,-0.18742098,-0.09264305,0.10644706,0.03940151
-0.08876364,-0.26686653,0.02353882,-0.09668569,-0.18527372,-0.02830982,-0.17769563,-0.07645676,0.09613628,0.04325256
-0.05251535,-0.22878513,0.07366228,-0.08080289,-0.20104612,-0.03880782,-0.17940632,-0.06921158,0.08827183,0.04044528
0.01642764,-0.19167469,0.09845841,-0.05278539,-0.19627625,-0.03352621,-0.16953681,-0.05659558,0.0875938,0.05429733
0.0807576,-0.16247623,0.1221251,-0.01798822,-0.18779261,-0.01299671,-0.16813272,-0.0730791,0.08281253,0.05609613
0.13037445,-0.1259544,0.13798457,0.01199289,-0.1708495,-0.00943209,-0.1545922,-0.09542681,0.05840538,0.06043125
0.16001052,-0.12075922,0.14493287,0.01835729,-0.16913643,-0.00683454,-0.13737491,-0.10616574,0.04694423,0.04862917
0.1890789,-0.12187984,0.15998934,0.02473423,-0.14482094,-0.01385695,-0.11482862,-0.10413542,0.03370389,0.03227048
0.18968509,-0.13835348,0.18192562,0.04250154,-0.12946102,-0.03513762,-0.09974778,-0.11010162,0.01027642,0.00905754
0.1866276,-0.14329827,0.20142607,0.0509637,-0.12533021,-0.0571317,-0.07858617,-0.12390877,-0.01015287,-0.00553949
0.17400859,-0.16542149,0.21166846,0.04515411,-0.11132935,-0.06786893,-0.05441476,-0.13769183,-0.0270907,-0.01802172
0.15172981,-0.18628398,0.22174072,0.03755196,-0.08982802,-0.07169943,-0.03380146,-0.15277238,-0.0402301,-0.03300754
0.14230341,-0.2010098,0.22895035,0.01958969,-0.07359809,-0.06239293,-0.02012612,-0.16154927,-0.03599904,-0.05698438
0.11195847,-0.22951739,0.24167573,-0.00737851,-0.03303262,-0.022804,-0.00072172,-0.15572964,-0.03667153,-0.07473317
0.08392334,-0.24348825,0.26328984,-0.02508966,-0.00331642,-0.01871651,0.01042317,-0.1336408,-0.03828426,-0.08095794
0.06765597,-0.25574398,0.26718292,-0.03817159,0.01445158,-0.02756651,0.01865261,-0.09868692,-0.04288526,-0.08782479
0.05303707,-0.26022619,0.2786555,-0.04749159,0.03099457,-0.02665597,0.04700889,-0.07102894,-0.04905862,-0.0808998
0.03900418,-0.25117126,0.27768666,-0.04872309,0.03446059,-0.02587256,0.06843026,-0.0357933,-0.02735738,-0.08408745
0.00916049,-0.24716827,0.27727672,-0.03954632,0.05890961,-0.03463228,0.08241865,-0.01947501,-0.0179023,-0.07644114
-0.03095383,-0.2439042,0.27285251,-0.0426458,0.07482288,-0.04421863,0.08169572,-0.02131403,-0.01076903,-0.06643602
-0.05256491,-0.23107503,0.26953399,-0.05017318,0.10660873,-0.04143178,0.07692729,-0.01205312,-0.00013451,-0.05822347
-0.08400515,-0.20558786,0.25027722,-0.05387786,0.14038366,-0.04804438,0.05948706,-0.00208412,0.01385271,-0.05523462
-0.13552,-0.1821426,0.23592432,-0.06106564,0.17762451,-0.05347178,0.04396846,0.00668578,0.026243,-0.0429218
-0.19683889,-0.16764942,0.21192625,-0.09498993,0.20661235,-0.06851582,0.02043191,-0.00364176,0.03502572,-0.01212464
-0.26041484,-0.15720123,0.19128008,-0.1123838,0.23259801,-0.07539519,0.01764485,-0.00182415,0.05603442,0.01358681
-0.33349597,-0.12478691,0.17160657,-0.13867025,0.22522099,-0.12823331,0.01717804,-0.01088338,0.0675038,0.0383024
-0.4646534,-0.0890619,0.14766885,-0.15939915,0.19288017,-0.16793318,0.00208305,-0.01514257,0.07893028,0.04931274
-0.53056991,-0.07112907,0.13057296,-0.16645142,0.18259439,-0.1806391,0.00621837,-0.0431363,0.071196,0.04647171
-0.5794279,-0.05943973,0.11992329,-0.16173624,0.17718014,-0.20094854,-0.000473,-0.0687103,0.06374193,0.02831077
-0.63055742,-0.07227815,0.12176823,-0.16269323,0.16606122,-0.20627184,-0.01180024,-0.09375486,0.04943703,0.02569576
-0.65672481,-0.06140092,0.13414498,-0.16324867,0.15047704,-0.2016809,-0.01721814,-0.10034641,0.04726848,0.02268798
-0.65033835,-0.0329336,0.13072826,-0.15967692,0.12791096,-0.18417348,-0.02273972,-0.09465583,0.05253316,0.02178233
-0.65843022,-0.00846353,0.11988959,-0.15960081,0.09501153,-0.17838898,-0.03615284,-0.08711343,0.05987005,0.02767556
-0.6411835,0.00179745,0.12357961,-0.16226119,0.06982554,-0.16040275,-0.0357146,-0.07624875,0.06472023,0.02955505
-0.61931109,0.03152257,0.126472,-0.15199663,0.03596524,-0.15664449,-0.05262478,-0.06134802,0.07575329,0.02922051
-0.59212393,0.06249412,0.12767678,-0.12035933,0.0053981,-0.15449695,-0.06248184,-0.03058544,0.09463513,0.02620704
-0.58833635,0.08169349,0.13790584,-0.0897361,-0.02030428,-0.15511139,-0.07941781,-0.01927246,0.07437715,0.02349309
-0.600393,0.07111064,0.14436243,-0.07226524,-0.01351195,-0.11166053,-0.0859387,-0.00894661,0.06698718,0.03209972
